country,adult_anemia_2016,adult_blood_pressure_2015,adult_diabetes_2014,adult_obesity_2016,adult_overweight_2016,adult_sodium_2017,basic_sanitation_2017,basic_water_2017,fruit_veg_availability_2013,government_revenue_2020,limited_sanitation_2017,limited_water_2017,nurses_and_midwives_2016,open_defecation_2017,physicians_2016,safely_managed_sanitation_2017,safely_managed_water_2017,surface_water_2017,undernourishment_prev_2017,unimproved_sanitation_2017,unimproved_water_2017,retail_and_recreation_percent_change_from_baseline,grocery_and_pharmacy_percent_change_from_baseline,parks_percent_change_from_baseline,transit_stations_percent_change_from_baseline,workplaces_percent_change_from_baseline,residential_percent_change_from_baseline,meningitis_deaths,kidney_disease_deaths,parkinson_disease_deaths,diabetes_deaths,protein_energy_malnutrition_deaths,liver_diseases_deaths,malaria_deaths,respiratory_diseases_deaths,tuberculosis_deaths,diarrheal_diseases_deaths,dementia_deaths,cancers_deaths,hiv_aids_deaths,cardiovascular_diseases_deaths,hepatitis_deaths,lower_respiratory_infections_deaths,digestive_diseases_deaths,nutritional_deficiencies_deaths,economic_rating,macroeconomic_rating,date
Afghanistan,40.8666666666667,30.56,11.91,5.435,22.885,3.44666666666667,43.42,67.06,172.67,1.425,9.82,3.17,,12.74,0.3,,,10.88,29.8,34.02,18.88,-21.8489208633094,-4.0035971223021605,-10.946043165467598,-19.4388489208633,-20.341726618705,8.33453237410072,6642.958265607839,3833.0731048177795,448.067500914218,5798.10937176445,1372.89757072141,2184.9444041853,1190.35185324401,6815.36938897771,3649.9707739387604,6151.751719895121,2839.2426591408503,16272.5415191916,271.336066040756,55101.310568856105,933.377917149041,21472.5375690469,5076.6628668124295,1443.99012841219,3.0,3.5,2020-03-27
Angola,48.5666666666667,29.59,8.175,8.06,27.185,3.16333333333333,49.88,55.84,432.87,,20.2,9.98,,19.92,,,,15.39,25.0,10.0,18.8,-26.0610079575597,-12.1253071253071,-22.241847826087,-41.5076530612245,-11.1389195148842,14.7038043478261,3351.96340044239,2739.1784907647,229.18314671002602,3418.76684086656,4719.101789138,5134.18314042392,8235.33226702915,3680.95550423315,11597.7690795189,17876.8367082112,1567.1600531927697,11620.4600491477,14460.271530462,21103.4767189741,413.642496529636,14947.036196385801,8061.30717697205,4805.547327376629,,,2020-06-10
Argentina,21.766666666666698,22.615,9.67,28.155,62.75,3.77666666666667,,,398.31,,,,,,,,,,4.6,,,-53.6755017342663,-19.1626238469423,-64.117903039369,-51.5701401984094,-19.797612504052,15.2664170576937,494.956647222546,10737.4598541497,2880.8333649648603,9164.662912412901,968.182282636668,7284.206354058821,0.0,18863.226626443702,683.953054870672,658.086330005527,18564.3932373763,72959.412062954,1726.5510475405702,104685.64455733699,175.422648606412,31279.255081987798,14825.539423696298,1060.85063720119,,,2020-03-20
Australia,12.6333333333333,15.17,5.895,28.97,64.5,3.35,24.35,99.97,523.27,,0.0,0.0,12.57,0.0,,75.64,,0.0,2.5,0.01,0.03,-17.5241911173633,-0.34575508892847806,-16.4292929292929,-30.2176164083502,-14.3831219317147,9.59403341288783,55.569017807090795,4343.54567719279,2241.74368703842,3609.3636902853004,92.7996135458831,2142.63305022292,0.0,10462.127842011,84.421393402843,185.321386258715,16580.2801551921,48506.0318674532,74.4688418360667,50031.911474129294,103.499020425349,4323.79719524191,5951.5745559702,118.094160347046,,,2020-03-10
Austria,19.6333333333333,20.985,4.315,20.09,54.295,3.94,3.23,1.09,706.4,,0.0,0.0,,0.0,5.23,96.75,98.91,0.0,2.5,0.03,0.0,-25.1552255533763,-9.567862304559188,13.689206951949801,-23.433693419047,-27.5846934655978,7.30047408860553,32.3485414246743,2806.55943470493,984.9892288241119,2057.6059622478,1.47699041642541,1847.51633915284,0.0,3377.01988238109,52.22007586581061,102.04183930533002,7344.14363724332,21565.792357913,39.35396329658371,31086.540646189398,5.56152285190733,937.949711309039,3182.00143036984,8.633067358151902,,,2020-03-08
Bahamas,24.533333333333303,21.03,12.435,31.255,64.185,2.8333333333333304,94.93,98.89,1112.66,,3.32,0.0,,0.22,,,,0.0,,1.53,1.11,-41.6730038022814,-18.925143953934697,-21.804347826087,-60.6621983914209,-38.422351233671996,18.2579710144928,4.0450764193275806,90.62384378075859,15.499832173828402,123.87327055553101,2.9095857072328597,52.3271825027816,0.0,50.7320559680244,7.217661169460841,3.71106169272192,89.6062289927235,516.3256524057331,115.322000513085,777.845509291962,0.970181662511155,102.337760732282,101.049551408372,4.02857849053114,,,2020-05-23
Bahrain,42.2333333333333,20.765,11.325,31.19,66.25,4.31333333333333,4.0,1.02,,,0.0,0.0,,0.0,,96.0,98.98,0.0,,0.0,0.0,-29.597826086956502,-10.8804347826087,-29.451086956521696,-26.8641304347826,-18.4673913043478,13.3913043478261,3.61045733660059,125.221241611434,15.7555234789923,501.33425305352796,2.48727943485288,79.50156601292791,0.0,107.355185734609,8.679975485838339,8.7404498348912,103.583787256242,517.687544257157,11.880749188241598,899.83534386545,4.36784045262171,90.7108142860512,134.598159387479,2.9138015382867795,,,2020-03-10
Bangladesh,41.7333333333333,24.74,9.77,3.61,20.075,4.68333333333333,48.23,41.57,138.83,15.565,22.65,1.54,,0.0,,,55.44,0.93,14.7,29.12,0.51,-39.586956521739104,-22.2554347826087,-17.570652173913,-36.554347826086996,-24.6195652173913,13.353260869565199,1421.5847703175598,16279.277883467601,3162.1177419985997,32929.2993323005,4268.7106866249605,25368.7030968672,3329.31675644411,78411.4139625109,13344.0241202895,28620.417668666298,15996.9246962316,95092.29968495651,609.344377169013,308324.418332442,3150.2476368940197,39832.6922258981,43487.5705010496,5310.416122014421,3.666667,3.5,2020-04-06
Barbados,22.9,24.32,12.11,23.02,52.31,2.76333333333333,97.28,98.49,458.43,,1.89,0.27,,0.83,,,,0.0,3.9,0.0,1.24,-32.1057692307692,-21.3504398826979,-25.7783687943262,-49.7409420289855,-37.6407904022583,13.4807692307692,3.7838032485624202,87.68798579785809,24.2238590010048,235.897719776915,4.47182417476025,37.736149044708796,0.0,61.535115441083,1.67525104099379,3.9595129900779997,166.27723564947598,660.849061285557,25.410169487327103,817.2626998404901,1.12110077314482,178.495980935369,91.78276902070401,5.88497154197667,,,2020-07-11
Belarus,23.1,27.305,7.78,24.19,59.475,3.88666666666667,17.28,1.96,609.72,,1.64,3.33,,0.0,,80.52,94.52,0.0,2.5,0.57,0.19,-9.52173913043478,2.34239130434783,35.961956521739104,-10.3695652173913,-15.2228260869565,0.34782608695652195,52.01698251000529,478.38714919418703,686.78838057314,348.530931795494,13.692149475082099,2544.3206859306,0.0,2003.1411006185,360.384275441166,13.766071610959802,6317.52459767825,18324.2672720772,314.485295774498,72412.0022547256,21.8733761109552,1162.21584850835,4486.92260328907,46.012757092254404,,,2020-03-30
Belgium,18.5666666666667,17.48,4.565,22.03,59.485,3.47333333333333,2.39,0.48,569.27,,0.51,0.0,11.09,0.0,,97.1,99.52,0.0,2.5,0.0,0.0,-31.0861801242236,-10.9460403726708,35.7751271020727,-33.7131211180124,-34.0155279503106,12.534549689440999,47.9990861430187,2110.15337853425,1227.13805392538,1427.2775330133,208.28377661803,1994.35173042712,0.0,6763.183810007061,91.2255017517145,708.30095998759,10332.1914190467,30925.6899339386,62.9214288731973,31954.2476353711,39.276388624793704,5580.52583945343,5028.36411233146,270.336074520353,,,2020-03-04
Belize,21.5666666666667,22.695,12.59,23.99,54.66,2.65,87.86,97.99,586.97,,9.03,1.24,,0.78,,,,0.0,7.5,2.33,0.76,-31.9915254237288,-11.1626016260163,-20.7608695652174,-44.19117647058821,-31.1464354527938,10.299663299663301,2.99871187204131,82.0944919777925,10.579920398529199,120.269045049116,9.88387661785207,54.893229976765205,0.22781336511730899,66.51415327462941,13.042029936153801,11.229521454806001,61.8783539864192,264.840293643688,84.46016043151309,407.072756529337,1.03005822080024,107.113329688131,88.4377557877301,11.044676813696102,,,2020-08-06
Benin,49.4666666666667,27.6,7.19,9.45,29.21,2.91,16.45,66.41,292.95,1.01,19.54,10.0,0.6,53.83,0.15,,,3.78,10.1,10.18,19.8,-9.55979202772964,1.1399456521739098,4.85862068965517,-13.967391304347801,-4.34171907756813,5.971153846153849,1774.24327737886,1280.08443136824,178.70864020828603,1185.8458638581199,1409.1061330246398,1249.75178621446,9391.478563413579,1947.2136462044398,2923.98930415609,6494.7880498174,1124.50097315336,5280.89846022658,1995.77802187536,9044.46206265054,202.467525792445,7757.40717369092,2585.58455889898,1464.5346460903102,4.16666666666667,4.0,2020-05-07
Bosnia & Herzegovina,29.533333333333303,30.775,7.435,17.795,53.335,4.38666666666667,73.81,7.3,840.68,,0.6,3.8,,0.0,,21.55,88.84,0.0,2.5,4.04,0.06,-22.3369565217391,-4.32608695652174,17.1413043478261,-20.9891304347826,-20.2119565217391,4.82065217391304,12.1785594868785,606.2284997579541,320.392903557234,2317.6051851401003,2.01926016443544,578.753038635664,0.0,1310.77794166731,137.907052111435,8.75105336919078,1933.96600837809,8935.290838122959,1.6678096149602,18060.2523871023,6.642691256660759,358.637508398062,1135.31402255499,6.17751792130972,,,2020-03-22
Botswana,31.4,29.37,8.52,18.74,43.07,3.4833333333333303,77.27,90.34,287.4,2.865,5.56,6.58,,11.03,,,,1.5,26.4,6.13,1.58,-23.203931203931198,-9.49004975124378,-1.67844522968198,-29.0791925465839,-15.654393305439301,17.3994565217391,71.2435106366964,259.484075467619,34.9018523854242,657.883993956552,78.46993790884741,183.32766304158199,5.600623207697259,505.475564787596,450.923416058059,578.603955554448,318.11464042103296,1458.1770666710902,4702.23709911741,2526.07045256956,7.7901636459404004,764.551308349055,430.874530958501,81.2081789070192,,,2020-06-29
Brazil,30.4333333333333,23.325,8.24,21.955,56.485,3.76333333333333,39.02,98.19,396.49,,0.25,0.25,,1.13,,49.28,,,2.5,10.33,1.55,-35.45910888984871,-2.67170199802509,-34.2369649621956,-37.0959502145113,-11.891990081863,11.0228196629038,2433.65319293271,34032.8068719058,8748.76962644298,54044.945190237195,6355.676471089089,34598.8365744555,58.46814105869429,69774.503928441,5543.9303075479,6475.36219813052,70054.8528303276,235836.021204792,15352.357017178101,372579.26376596297,1028.28866700301,82034.9295642872,69578.0241766786,6963.47365567177,,,2020-03-13
Bulgaria,26.9333333333333,28.3,7.66,24.895,61.65,4.55,21.59,2.16,377.53,,14.0,0.0,,0.0,,64.41,96.95,,3.6,0.0,0.89,-16.0144118627124,-5.329245025892611,13.3255647185371,-21.9929425602823,-19.054492663452102,3.87433439829606,49.833545599250705,1456.4559393364402,825.4729657020099,1579.22160457412,3.89966651291752,2047.70274212353,0.0,3305.0908038481202,116.981574449504,25.786976497808,5839.18939331462,18790.8430352744,56.2840846213447,65392.786578315594,24.428816131700696,1541.7900586891299,3558.7368246397496,10.071472733705999,,,2020-03-20
Burkina Faso,51.9333333333333,32.275,6.41,5.35,22.635,2.74333333333333,19.4,47.89,63.74,1.495,27.47,27.76,,46.67,,,,1.29,20.0,6.46,23.07,-4.72282608695652,-3.2481884057971,-8.42119565217391,-16.1413043478261,-2.39334155363748,5.7257019438444905,5567.4047980080795,2713.83866039756,301.22538556945204,2738.2059909171,4018.26607806404,2030.26397050732,31500.465380920297,2471.5233772206398,7421.98034458146,12076.6749349975,1776.7067723248101,10785.5323290938,2830.1679670268895,19187.6769379198,375.722870497023,19165.922219359698,5255.65974265668,4267.95499871565,3.6666666666666696,4.0,2020-03-24
Cambodia,49.633333333333304,25.915,7.155,3.77,21.41,4.2566666666666695,59.23,52.67,174.28,2.795,6.47,0.44,,31.75,,,25.85,10.86,16.4,2.55,10.19,-15.584054669703901,-11.708978328173401,-13.299797979797999,-35.277706185567006,-13.0018736616702,8.21763754045307,376.953192931802,1795.0219474222101,387.89769833530505,2657.9715985358,312.893312667644,8800.03802030356,1227.2876616090302,4295.46928815433,3091.4458986652503,1647.4289398282901,2535.46756827838,12260.6209415433,1513.22665431005,24157.1248057777,607.604803763521,9888.79565575504,11194.346865531399,361.166006858206,4.1666669999999995,4.0,2020-03-29
Cameroon,43.7666666666667,24.755,6.71,11.28,33.425,2.84,39.08,60.38,600.81,3.145,18.67,16.15,,6.95,,,,7.33,9.9,35.3,16.13,-12.0810660744031,-4.55967976710335,-14.623139377537198,-10.031541218638,-4.1437371663244305,6.39544895448955,3192.2690975324895,3218.15850544373,443.359336315676,3527.47189804745,2031.54115873198,4003.0191744278004,22654.6845047885,5035.48304782498,8225.99484152912,12787.670620961,2469.64308185651,14265.4228765347,25067.5030547879,22353.336579261602,381.816095474338,16378.5654832171,7347.91846007173,2125.67486559936,3.6666666666666696,4.0,2020-03-29
Canada,12.066666666666698,13.185,5.495,29.395,64.14,4.25333333333333,16.97,0.58,668.84,,0.0,0.0,,0.0,,82.32,98.86,0.0,2.5,0.71,0.56,-19.9107373868047,-3.00563909774436,75.80387685290759,-38.9741116751269,-29.7534902273634,9.96548223350254,110.696728165423,5970.71279695626,3788.089620944,6752.755743928249,261.07800338291804,4790.5646313856105,0.0,15833.161893196,131.306207972997,1520.89216792896,24523.5052654827,84932.7877241012,277.367741734167,78788.1181676781,93.2091509351189,8816.68155766783,11086.620879486001,327.586899607462,,,2020-03-11
Chile,18.9,20.95,10.495,27.91,63.035,4.2,22.54,1.19,371.61,,0.0,0.0,,0.0,,77.46,98.64,0.0,2.7,0.0,0.17,-47.126418013062896,-32.4581075077743,-50.4033425754775,-49.5717886320181,-26.6956664747965,17.9800615018351,126.789191976839,4088.88370654118,1219.60146069958,3204.5730937611897,395.330166580786,4818.04715597773,0.0,5930.05631658832,453.755640294085,389.14666023694804,7963.57123462234,29059.852333602597,523.576953126322,28671.3228836322,31.942051764354897,4353.99365014863,7687.62445225145,421.598274420885,,,2020-03-15
Colombia,23.0666666666667,19.185,8.52,22.105,58.905,4.59666666666667,72.64,24.07,514.48,,5.08,0.19,,3.07,,16.99,73.23,1.67,4.8,2.22,0.84,-50.272930168676794,-34.3569484936832,-44.644378304433005,-51.9282563749139,-28.4165141016431,17.7320175438596,495.847071868087,8201.939821009251,1722.7291919609802,5839.8023385072,1106.43722586921,3693.55897008606,36.877742002446496,14790.602581854198,929.8670751591801,841.501971988879,14247.2472499354,44862.290700828606,2661.43450687557,65307.767978690594,61.39085280686479,7671.77100055081,10364.2097584003,1144.5675244646302,,,2020-03-18
Costa Rica,18.0666666666667,18.675,8.88,25.71,61.56,3.86333333333333,97.82,5.9,501.48,4.785,0.51,0.3,,0.2,,,93.8,0.0,4.8,1.46,0.0,-41.6032608695652,-23.0217391304348,-45.7228260869565,-45.2826086956522,-27.2336956521739,15.5815217391304,38.6351392447756,1205.0250253337101,200.09566415313202,383.34449093684503,16.208499905174502,804.8948642480859,0.0,1265.68020645855,55.099966616767,99.55828205134459,1390.7106657647198,5455.374725478,157.547286661892,6489.02067279734,22.6009158329842,500.206141457599,1485.1950919227302,18.1070169927382,,,2020-03-21
Côte d’Ivoire,54.8333333333333,27.31,6.825,10.495,31.995,3.77,32.13,36.32,320.16,4.54,22.32,6.31,,25.74,,,36.55,5.74,19.0,19.8,15.08,-9.57410562180579,1.75336322869955,-4.51086956521739,-14.517948717948698,-1.93738819320215,8.833746898263028,3524.30396009149,2834.6354269995695,347.038664686699,2789.02984544602,2636.68327129667,3480.7327620718297,16329.604106127801,3633.3767068347706,8589.74622945295,11663.7969707271,1856.91095021776,9823.308244665941,20535.933759717802,24859.6002329484,427.422040912502,17187.8886754752,6528.48483791083,2745.94242116588,3.6666666666666696,4.0,2020-03-27
Croatia,27.766666666666698,32.37,7.34,24.32,59.625,4.61,38.04,9.63,517.06,,2.48,0.0,,,,58.5,89.96,,2.5,0.98,0.41,-10.5070494744937,-3.26043630487476,49.8964143426295,-20.600830936401398,-22.936122802673896,5.75242231874374,17.8281227372669,849.155695769791,468.632440324573,1021.04588795006,0.624292811377565,1123.68328177982,0.0,1928.4908843165197,55.832757787264995,32.0716481348143,3366.5361922771804,13964.333201188401,10.3953251865905,23589.049880321603,1.66665327108567,553.674073286222,2155.08488675066,3.04121518114525,,,2020-03-19
Czechia,26.0,27.795,7.53,25.915,62.24,4.72333333333333,4.67,2.0,377.53,,0.86,0.0,,0.0,,94.46,97.88,0.0,2.5,0.01,0.12,-15.9300724637681,3.8967391304347796,48.3724770642202,-14.644927536231899,-18.7141304347826,5.09311594202899,43.537190658317606,1250.53311628944,933.215922959108,2999.7378172632107,64.59789730392079,2178.97342354353,0.7712610026580429,3920.0075311096502,54.6283041752909,284.083389164113,7420.655126417059,28639.8865684765,24.083636059622997,48408.6723384733,17.7215898088877,3208.77635294209,4493.6109628882205,85.5021112084912,,,2020-03-12
Denmark,18.4,20.615,4.33,19.645,55.425,3.33666666666667,4.76,3.27,621.54,,0.4,0.0,,0.0,,94.84,96.73,0.0,2.5,0.0,0.0,-1.3110625273283798,-1.17408707865169,91.06362815884479,-21.343526210254897,-28.079072087802402,6.53683562487174,33.182375952782394,960.2591206534199,536.157511961269,1265.33228092361,32.510771088914,930.221471086149,0.0,4228.2456940784205,28.4627291691207,332.654145978013,4364.49351669515,17033.1705129779,27.9553279808831,14074.627513475,6.60063015731208,2331.1180733729198,2460.74865690133,63.307996570148404,,,2020-03-10
Dominican Republic,30.6333333333333,21.46,10.035,27.545,61.09,2.74,83.89,96.69,850.65,,11.1,0.34,,2.87,,,,1.3,9.5,2.13,1.67,-38.7782760338814,-25.2413533834586,-37.361159169550206,-52.74326176336229,-33.1991334175844,15.6954524575103,229.767859631553,2275.4269379771104,423.344861012896,2331.03528888753,141.119802593164,1573.4307770289001,1.85422683727328,1683.66375882232,528.382715420209,424.19044519245796,2951.24542840228,9763.469774390749,2626.7577811716897,23650.2404152875,111.73657203876199,2334.11232078542,2457.7019667558898,156.994997271777,,,2020-03-21
Ecuador,21.2,17.9,7.965,19.79,55.925,3.68333333333333,45.98,18.93,344.22,,9.07,0.11,,2.1,,42.01,75.07,3.08,7.9,0.85,2.81,-42.530886226527294,-33.1843880501124,-39.4394159217485,-53.404051404922704,-41.1093711888385,20.804228207355898,149.251693575333,5607.70829726685,664.024185831487,4254.25727470551,520.333786471941,3317.3357681534003,6.608811944985209,3292.9279132715196,652.427910726398,352.37831424620794,4753.36859478624,15556.517799934,1076.8239229782,19003.0252277141,42.9232844893069,5010.76779933873,5916.47388968969,608.609664912426,,,2020-03-18
Egypt,26.6666666666667,24.905,17.905,31.905,63.375,3.91,33.45,99.11,811.65,,4.35,0.24,,0.0,,60.74,,0.02,4.5,1.46,0.64,-33.2141487730061,8.99863813229572,-19.959586888190398,-32.8025056947608,-17.2778985507246,8.95869475423379,997.257498563799,12814.9062520781,1803.08726608787,13411.249936376102,821.9457013459039,43551.7075983655,0.0,19581.7705388783,1034.90746209388,7958.3955409151,9460.89333567486,46758.4160479783,77.0834084271403,226248.59622993,967.974569652312,24523.4933832627,48946.595440549805,867.877009880446,,,2020-03-14
El Salvador,24.7,18.81,9.98,23.925,59.645,3.7066666666666697,87.43,97.39,317.97,2.835,10.87,0.22,,1.01,,,,2.38,9.0,0.69,0.01,-51.0460893854749,-34.5513959390863,-44.6079710144928,-54.362079898541495,-38.0579710144928,19.936993699369896,96.4363251429915,4111.25890827756,297.333606286303,2138.96380349406,238.407177528896,1459.97433170879,0.525233867332076,1326.40143440194,90.59353259127849,316.217804380761,2426.8410934365697,5551.76678473194,749.0744179504931,9757.49378699417,15.1829698783404,2523.7433485891197,2271.9447386644197,239.81740737669102,,,2020-04-09
Estonia,25.5666666666667,27.56,7.125,21.035,55.725,3.99,1.79,6.38,537.85,,0.7,0.0,,0.0,,97.36,93.33,0.0,2.9,0.15,0.29,-10.549044585987302,0.512771392081737,56.7595505617978,-9.03062046736503,-28.2044270833333,5.73,6.41882801833817,278.82888594826903,118.668283041325,121.60810204168502,0.7337539331755291,292.46859079649397,0.0,293.826079856998,26.616470918849203,2.6160177835338,1078.94604241408,3484.31404863846,39.7468337824696,7602.103283965591,0.67924638011272,216.120375626323,595.610696480389,1.56569045095659,,,2020-03-14
Finland,17.8333333333333,19.325,5.36,22.15,57.815,3.8066666666666698,0.24,0.37,504.16,,0.55,0.0,,0.0,,99.21,99.63,0.0,2.5,0.0,0.0,-10.7213383473146,1.90111856823266,69.0804680038204,-28.4718558643429,-28.893079977311398,5.133483398987059,18.2771916076507,565.124257148725,663.5668788904931,378.44945366114604,3.8990273513042903,1183.4355214967402,0.0,1735.80035632367,54.4328375822654,44.9178836046733,8351.14249385781,12765.2681032599,6.45009506051234,20689.6795648148,2.21924875266239,661.1263369406701,2381.66557470382,11.668610529974899,,,2020-03-13
France,20.3333333333333,22.05,5.945,21.55,59.57,3.8133333333333304,10.28,2.15,579.88,,1.35,0.0,,0.0,3.24,88.37,97.85,0.0,2.5,0.0,0.0,-30.104343954086698,-9.796788785604221,39.694187319597894,-25.826117706491498,-32.4423418972332,11.581929096454802,261.562215450529,9162.7999467683,7622.824664042941,10460.8271626002,2663.12904435989,10550.0988349041,0.0,20560.7503100253,997.8996055633071,1148.1579084644302,68727.6440363425,180571.72424521603,496.688369240634,152779.216453283,80.686465563081,20126.5036473937,26896.7717344935,2910.65280437277,,,2020-02-29
Gabon,59.5333333333333,25.39,9.995,14.965,40.095,3.33666666666667,47.41,85.77,538.71,1.59,27.42,8.02,2.9,2.95,0.41,,,3.29,10.5,22.22,2.92,-22.068014705882398,-13.228102189781001,-14.221052631578901,-28.5027173913043,-13.5087976539589,15.396739130434801,108.46147498113001,291.683648549002,34.0698048460856,436.607514853376,76.4459865799351,413.114326362641,708.467288375617,287.975904127855,582.325546733229,351.208569658067,256.747140204512,1208.97529662066,875.237539568132,2190.02151035621,15.989458981848301,752.738629341207,590.866074634887,79.9975433027063,,,2020-04-17
Georgia,28.3333333333333,26.34,12.67,21.48,54.085,4.22333333333333,62.86,18.4,295.0,,1.08,0.0,,0.0,,27.17,79.99,0.03,7.9,8.9,1.58,-35.1115107913669,-17.4784172661871,-11.6007194244604,-30.8201438848921,-33.9172661870504,9.14388489208633,31.8690598691508,794.776869956767,332.276072866628,1242.024987166,4.1710184075255095,1391.73241102428,0.0,1774.79186616648,156.615015413512,19.513796932889896,2289.17864127543,8010.25343872475,42.83726412707829,29768.8471259024,36.0636934358013,801.3300402697521,1979.0173460873002,12.8866793366108,,,2020-03-30
Germany,18.5666666666667,19.875,4.96,22.28,56.7,3.81,1.99,0.2,496.91,,0.77,0.0,,0.0,,97.23,99.8,0.0,2.5,0.0,0.0,-20.411764705882398,-1.4272,71.2448186528497,-24.4587595907928,-21.4657928388747,6.55147058823529,266.521469091798,27378.1212513603,12619.472415548898,19048.6226766217,303.806413255313,19411.3364113097,2.9875870387159402,46475.1937928753,458.02509945079004,3976.7054438067207,83603.200359954,250892.527601444,487.977707932367,355226.518554425,192.134214926128,25180.3740037771,44482.7889994524,477.943276536452,,,2020-02-29
Ghana,48.8,23.7,6.505,10.585,31.565,4.10333333333333,18.47,45.04,654.28,5.5,50.21,8.48,,18.06,,,36.41,6.09,5.5,13.26,3.98,-18.9673913043478,-10.7536231884058,-19.6721014492754,-22.351449275362302,-13.913043478260901,13.137681159420302,4338.0327842687,3522.13726102951,445.78860561392503,5167.53179691127,2364.1306475076503,3939.9213540202204,19698.2006203136,4332.201179313929,9323.58860453368,7230.74575709979,2651.5752367187,17037.1760874986,14698.8453241174,35942.4674451731,610.461107228056,17725.7876849543,8373.091047537891,2488.01879633823,3.3333333333333304,3.5,2020-03-26
Greece,18.4333333333333,19.075,6.635,24.795,62.22,3.7933333333333303,8.59,0.0,947.71,,1.02,0.0,,0.0,,90.39,100.0,0.0,2.5,0.0,0.0,-16.815896739130398,11.373215499660098,68.3162917518746,-7.56317934782609,-20.7445652173913,6.23709239130435,42.8771184894118,3555.7423091222704,1439.5747779003,1127.1625657550599,2.14473874633272,1281.93307819797,0.0,5946.2321466495,146.878279753906,36.7272516676012,11047.4887552983,30946.783831192402,37.7939306312234,49040.8117339082,81.16209948768741,4248.59611530438,3506.2136092138503,7.57881572968853,,,2020-03-13
Guatemala,19.1,21.18,9.645,20.76,55.64,2.6933333333333302,65.06,38.2,320.02,4.525,11.67,1.06,,4.69,,,55.99,1.62,15.2,18.58,3.14,-42.325390725083295,-31.9677980852916,-37.117202268431,-51.5071167141114,-28.7048676748582,15.0704381586245,362.570382105958,4887.924679263289,333.19171311473,5315.85060839724,1791.4990631893802,4423.390870384871,12.7724420593035,1914.0326678425,392.971558068668,2889.838661529,2027.3018649527698,10516.3482212226,663.417916830747,14263.0409158823,47.028952562937405,9428.488638820741,6992.14417146838,1915.8958207930602,,,2020-04-10
Guinea-Bissau,45.8,30.205,7.1,9.345,29.735,2.7333333333333303,20.54,66.63,196.55,0.125,15.7,6.89,,16.87,,,,0.48,28.0,46.89,25.99,-25.264150943396203,-11.952380952381,-15.855263157894699,,-16.097826086956502,,328.661953399104,258.457619960924,23.3881680311939,249.061801255873,207.68091866141498,285.030236323406,238.956272312796,365.352861942128,869.524673344538,1343.68632980171,135.498949405139,971.0484262114801,1582.8285941039098,2195.47661576342,47.4217889649649,1168.1292662919197,521.258289535966,219.042334868769,2.6666666666666696,3.0,2020-04-29
Haiti,47.5333333333333,24.435,8.66,22.425,54.685,2.38333333333333,34.7,65.47,232.99,0.555,27.37,9.54,,19.88,,,,0.0,49.3,18.05,24.99,-23.945652173913,-21.469202898550698,-16.021758839528598,-36.5271828665568,-20.1912991656734,8.08876811594203,885.3145112068089,2035.93189222415,263.467711166581,3902.56396751038,611.55475768057,1614.0645297156698,9.539599750149609,3071.08571416919,1030.17516611163,4001.0494017784795,1236.2773489351,9801.883554485921,4481.2903150068705,23399.6705708194,94.6148791476033,6071.8445506158205,3541.06913332854,668.886829046346,3.0,3.5,2020-05-04
Honduras,18.9,21.39,9.23,21.26,55.68,3.58666666666667,81.25,94.83,363.87,4.11,8.96,0.43,,6.01,,,,0.0,12.9,3.77,4.74,-54.5927461139896,-35.9123989218329,-40.426983050847504,-54.217923920051604,-36.602297726717204,16.0122574055158,109.888866905249,721.5564030019459,321.274040317974,943.892362379444,148.857340255152,2319.54674553529,34.5207203921106,2002.93859439698,421.085602368237,1212.73514695644,2325.99005301855,5253.1052430770205,61.26876273515929,12720.221210053898,68.90529160887161,952.323173831063,4335.84739541524,210.351511194796,3.666667,3.5,2020-03-29
Hungary,26.3,30.04,7.795,26.395,61.695,4.82,2.31,10.43,376.0,,2.01,0.0,,0.0,,95.68,89.57,0.0,2.5,0.0,0.0,-3.8985167837626897,-1.47929606625259,39.7981884057971,-12.1844081844082,-20.9619565217391,6.055332798716919,60.81842392627011,1617.82986501086,912.420469331792,2123.3764303518697,9.78855906620825,3392.67109911658,0.0,5680.745358668941,69.8146509678822,290.774104821225,7192.503363478249,33354.3945084149,36.560890769057394,58314.73187871,9.83849176042653,1040.97776411944,6171.79692331574,25.569325375866104,,,2020-03-21
India,51.0,25.665,8.69,3.905,19.67,3.96666666666667,59.54,92.67,397.44,,12.5,0.76,2.09,25.73,0.76,,,0.75,14.5,2.22,5.81,-50.0923913043478,-14.5727764887858,-30.5588539359031,-30.062376987131,-22.7165099882491,14.269756838905801,52234.440225213395,218908.683813613,38923.9746730773,247859.275287185,26916.102859388197,211164.31441392802,51398.560361858494,1239234.70003059,455866.761896945,714401.059457188,171544.120958654,895371.42772908,60644.6938511117,2569000.59220503,68021.1386323396,521137.087047754,408223.497931207,45629.0160055822,,,2020-03-14
Indonesia,33.0,23.69,7.7,6.835,28.12,4.58,73.13,89.34,270.48,88.635,12.24,1.41,,9.68,,,,1.5,8.3,4.95,7.74,-21.6625776397516,-8.4360248447205,-19.298602484472,-38.1803535116534,-17.5973602484472,10.0554347826087,5785.95455830408,34842.7708404164,6877.74327753078,94845.6295890946,11681.6216357356,80332.7276371309,6523.2090061154395,94918.4271739219,83520.1749943833,67941.5537733922,46108.0001258116,193499.96306249898,6528.05811469023,587830.365244151,5725.0101080575905,44157.9381150884,119010.404601725,12337.745939531498,,,2020-03-15
Iraq,30.4333333333333,25.045,17.36,30.215,64.525,3.99,53.05,37.7,440.34,,1.12,1.4,,0.02,,41.07,58.83,1.32,29.0,4.74,0.74,-30.7336956521739,-10.6086956521739,-21.0923913043478,-29.2391304347826,-23.2663043478261,12.157608695652199,911.566328774668,4591.9104588785995,453.22176137365096,4137.03363847479,140.423193144942,1156.6429102605698,0.0,2079.28064399377,713.358323434756,709.736209305211,3376.42858997851,13379.7706168605,109.762314695844,41806.8960355329,134.289680910882,3737.87384317174,1966.66369294675,154.514792346246,,,2020-03-13
Ireland,16.9333333333333,19.655,6.225,25.295,60.665,3.98666666666667,8.83,0.07,691.72,,6.92,0.0,,0.0,2.96,82.41,97.32,0.0,2.5,1.84,2.61,-37.9041153123042,-3.35,-1.6812668463611902,-25.819596069869,-34.867676767676805,13.8633373205742,12.9748247664007,569.616047943844,335.925176524,411.65260918152296,4.28260797064811,387.77033610332705,0.0,2186.64368498936,31.624937503270196,38.597434388447105,2627.19402715729,9409.810226842092,10.027857040921699,9484.10632390202,7.19119758436254,1318.54840544481,1119.2566002660499,8.70283458992664,,,2020-03-14
Israel,18.233333333333302,16.685,6.425,26.07,64.345,3.84666666666667,6.33,0.62,802.97,,0.0,0.0,,0.0,,93.67,99.38,0.0,2.5,0.0,0.0,-30.270108695652198,-3.8060482698458906,-0.29442176870748304,-21.6532608695652,-26.8945652173913,11.3960643015521,35.8539054064564,2216.24994318449,559.211338746832,2099.7400797119603,25.8223400215714,686.230314740116,0.0,1788.2567969286101,25.5670190506016,275.373145748246,4524.8032131072105,12726.8910347008,44.8063178582333,11580.9159981226,10.8490107607233,2255.50022201536,1752.4137997597597,36.7776510729161,,,2020-03-12
Italy,19.6666666666667,21.17,5.835,19.835,58.44,4.05,2.56,4.4,736.07,,0.1,0.0,5.72,0.0,4.02,96.21,95.04,0.0,2.5,1.13,0.56,-34.575102704553196,-19.7838312077377,19.099016308568498,-35.7739672642245,-32.8411502909962,11.6817927893086,185.280752148354,14422.3998061209,7608.79456647303,18815.4706181155,217.00421532291,11692.931295413999,1.89608771263748,29081.1085475629,390.635368189633,828.73884683875,72574.5265149707,182277.86299613398,667.5942647482,216316.443354352,302.173972117181,13274.3794655953,26293.236034217403,412.10007520782005,,,2020-02-24
Jamaica,23.966666666666697,21.865,11.845,24.37,55.285,2.65,87.31,90.65,564.97,,11.65,5.39,1.67,0.52,,,,1.66,8.0,0.51,2.3,-30.1569696969697,-19.290553745928303,-30.8072445019405,-37.5182481751825,-26.1909529106415,13.6774519716886,29.095984258931498,797.6802417263291,149.349853609564,2475.63523255559,54.5906004275359,189.16700953824798,0.0,685.152233526062,14.873319262369401,31.200958712184,1242.14256086182,3937.41009723383,447.776326684078,6184.648373531159,7.23434910131218,497.110331936707,499.352640520781,60.465460866709,,,2020-04-15
Japan,25.6,17.55,6.68,4.24,27.13,5.76666666666667,1.13,0.56,425.05,,0.0,0.0,,0.0,,98.76,98.45,0.0,2.5,0.11,0.99,-10.9402173913043,1.3069519927536202,2.5078125,-25.955615942029,-13.006793478260901,6.86605525362319,448.540524628614,34762.4860421939,15161.514381631101,7305.03734533011,845.6235145228289,24874.3043410989,0.0,52169.4988681065,3730.0378054509,2997.64826550782,190560.882432493,408392.27317695104,216.347921804057,355640.83494781295,469.886108001184,105075.477699608,54866.330881220594,1211.11053315531,,,2020-02-22
Jordan,35.433333333333294,20.975,16.845,35.62,69.6,3.90666666666667,16.78,5.12,476.81,,1.11,0.0,,0.19,,80.55,93.82,0.16,12.2,1.35,0.9,-25.044761436301,-14.0882833787466,-22.206349206349202,-51.1204819277108,-24.932363350373603,9.207792207792211,64.9824258041722,1204.95429038068,147.929977356504,1419.35059007815,6.9165530875292,416.31393025534,0.0,681.8956269615701,44.292241926962205,56.64585842047621,1202.81147913676,4233.313251532561,22.000952337634697,8400.4653587851,26.042807033311,982.406853366471,771.407409585576,8.74166757478045,,,2020-03-22
Kazakhstan,30.6,27.13,11.865,20.77,53.455,4.5,97.87,6.12,788.68,,2.03,1.73,,0.0,,,89.51,0.08,2.5,0.09,2.57,-24.673913043478304,-11.0760869565217,3.08695652173913,-8.08695652173913,-27.0326086956522,6.76086956521739,221.474167137813,1481.06429163853,608.366570000753,1159.5078853508198,60.165298447167395,6808.211015043821,0.0,5603.002252281421,867.936617585897,86.77841734038601,4328.1588791841605,18015.7739290254,267.72272919170797,66662.5087357912,41.186105427918896,3652.73052094935,9021.59251827626,89.1198082810231,,,2020-03-26
Kenya,30.533333333333303,26.57,5.99,6.98,25.2,2.39,29.05,58.92,287.62,9.09,22.13,9.06,,10.34,,,,20.1,29.4,38.47,11.92,-16.4424460431655,-13.5582549634274,-15.2468244803695,-20.145421170711803,-10.5260474090408,14.100118717847302,5327.56593290567,4572.730466269821,533.02892697965,5964.66185166304,4277.62304904221,10170.630635498,4939.49980744469,6711.064639570961,14895.850889216299,20344.7254838357,3993.7092254416402,20674.9353688826,52390.890746152196,35101.1075886714,1019.1700696144699,22927.1736792388,18405.4286392328,4400.89219006675,4.0,4.5,2020-04-02
Kuwait,26.1666666666667,22.92,19.64,39.435,73.755,4.47666666666667,0.0,0.0,909.98,,0.0,0.0,,0.0,,100.0,100.0,0.0,2.8,0.0,0.0,-48.5210597826087,-32.2527173913044,-43.9510869565217,-37.140625,-39.2201086956522,21.262973352033697,12.771381606182802,164.42118885586,42.353296132729504,202.408890407159,0.359974791485349,146.83587003745,0.0,157.75705248682698,22.0173165333899,6.70489765329457,299.292744263391,1152.0731989998899,5.3447173925473495,2904.59743023108,6.55287930578655,550.014602456494,243.93216177708803,0.6728603252240319,,,2020-03-14
Kyrgyzstan,37.3,26.575,10.375,16.345,48.095,3.94666666666667,96.51,19.23,494.09,1.105,3.36,1.81,,0.0,,,68.22,8.86,7.1,0.13,1.87,-23.2743083003953,-19.8848594741614,-2.8346273291925494,-32.5042573320719,-21.163722826087,4.55456570155902,55.5613811539439,454.164105761465,118.721398911962,263.403381547195,8.170543087969369,2133.69408290333,0.0,1377.4600878466101,470.80901332451106,139.278238413169,820.223300068118,3692.15891265628,187.71833425985199,16694.1735929755,35.7220255121841,865.442246429314,2465.4430417595104,16.9868801433994,3.666667,4.0,2020-03-31
Latvia,25.2,29.685,7.215,23.37,57.875,3.93333333333333,6.32,3.44,441.19,,2.18,0.68,,0.0,,85.82,95.19,0.0,2.5,5.67,0.69,-9.327286761868,0.683836589698046,36.3595238095238,-21.2678244972578,-28.666187825462398,3.569558101473,11.483106057613599,269.921203566582,196.04667896510202,329.419454693009,1.03411877831646,439.902443695464,0.0,436.277370746773,61.78127482434521,5.1254453877526,1705.07325268517,5675.2057880901,133.57037982234698,15486.3292458771,3.62508388559214,380.62387724995904,1001.7713427735699,7.450026572057039,,,2020-03-20
Lebanon,32.5,20.57,13.355,32.22,67.985,4.01666666666667,76.71,44.9,818.01,,1.5,7.4,,0.0,,21.76,47.7,0.0,11.0,0.02,0.0,-20.7957286432161,-2.22845601436266,4.64998683170924,-51.581127733026506,-23.564013206162898,6.17888330246097,53.0502423859319,576.368793034913,204.007081438319,1564.0937411263299,10.2398172697207,500.188751847656,0.0,1140.24601411127,35.350277663022,79.8250987525163,1778.53655593643,7440.542762702109,109.66518534717,13619.2004506547,48.7894843491708,721.012711464454,803.538316873563,12.8886562619099,,,2020-03-15
Libya,34.2666666666667,23.685,15.895,32.3,66.69,3.92,73.89,98.53,,,0.0,0.0,,0.0,,26.11,,0.0,,0.0,1.47,-14.0530612244898,0.7409420289855071,3.65579710144928,-39.3658536585366,-11.5087818696884,6.2210953346856,69.5253254704458,1136.93343533381,207.589401506545,1342.58762865462,12.8913949352195,550.93712663555,0.0,1153.66249007394,68.7246784965963,65.1792312954918,1474.1001756532198,5432.93958084714,98.93965556790009,12813.17191325,68.3148681658368,820.415440760794,852.988274511051,16.206990726737303,,,2020-05-28
Lithuania,25.533333333333303,29.595,8.005,25.975,59.575,3.98,2.04,5.5,433.08,,2.1,0.0,,0.0,,91.31,92.04,0.0,2.5,4.54,2.46,-22.3504950495049,10.3125683060109,74.97965571205009,-13.6515994436718,-21.4377470355731,4.71320535194881,19.952666670160898,254.633352896035,280.168638860239,219.497529212074,1.51857594607048,956.057917940005,0.0,778.565502336461,190.606161649292,12.5717722158795,1955.1175388351103,8110.8553300963,72.2454701103907,22209.9566357263,4.03334467437319,711.660711145427,2046.5892754769898,4.51263449654962,,,2020-03-22
Luxembourg,18.4333333333333,21.83,5.435,22.605,58.67,4.14333333333333,0.96,0.16,844.57,,2.37,0.0,,0.0,2.92,96.64,99.72,0.0,2.5,0.03,0.11,-37.7554347826087,-17.2010869565217,37.945652173913004,-33.206521739130395,-36.8967391304348,14.0714285714286,1.40227816465072,84.12543397702579,59.5044207370337,62.88072284905439,4.39025996707443,95.339528587364,0.0,232.40445072021802,1.8418613689035002,15.4093605538509,420.080188551097,1275.1496914295801,2.3874967744384703,1363.61568036066,0.8955581852955541,141.931896483703,217.180863713583,5.23031254679856,,,2020-03-17
Malaysia,28.8,23.03,11.085,15.465,42.49,4.84333333333333,10.94,3.37,317.05,,0.0,0.36,,,,88.63,93.33,,2.5,0.43,2.95,-37.9037723785166,-12.144820971867,-25.512787723785202,-39.8951406649616,-26.3347186700767,15.2570584372948,454.859611846409,4541.38778423091,839.396996465598,1718.92753168435,55.220230122489205,3024.63395019312,9.942942140581481,5487.48048647146,1269.04857299867,661.398358860716,5635.669929268629,26126.7633070906,1904.3394296576,54923.580683911605,287.509503965018,23004.3227812918,6946.960041156911,63.0489131115999,,,2020-03-09
Mali,53.3333333333333,32.4,7.37,8.46,27.745,2.76,20.63,78.26,233.67,1.69,14.85,4.64,,7.2,,18.71,,1.8,6.3,38.62,15.29,-9.54619565217391,-10.1086956521739,-9.0625,-30.2092391304348,-5.9429347826087,7.41032608695652,5550.9408051785795,2075.39320131229,268.982319808699,1984.2113360517899,6321.46630104916,1725.91871997733,27009.959656273903,4598.51711168251,3487.87693042718,14755.491147033601,1577.51593686376,10031.3158946804,5624.367044276501,17480.9468762329,631.756619722383,11278.178750013301,4647.09369947067,6525.0115528957995,4.0,4.0,2020-04-12
Malta,19.233333333333302,19.305,7.715,28.845,66.29,4.0333333333333306,6.97,0.0,763.35,,0.0,0.0,,0.0,,92.98,100.0,0.0,2.5,0.04,0.0,-27.804347826087,-9.6304347826087,10.8315217391304,-24.0597826086957,-29.1195652173913,11.6902173913043,1.7597395037916597,91.07502555468581,51.310970411959296,113.47323147793301,0.531556531369809,42.1636171597045,0.0,164.285879053154,1.1782684079733001,2.72660848544774,317.096168034742,1002.51085539766,1.7150793767841699,1498.73461564488,0.6576523552838239,166.552490025525,122.862443818637,1.0979314840655001,,,2020-03-23
Mauritius,26.466666666666697,24.965,12.975,10.63,32.04,4.75,95.5,99.87,380.31,,3.96,0.0,,0.13,,,,0.0,6.5,0.4,0.13,-34.492206235012,-26.760292164674603,-48.18167202572349,-47.867179980750706,-29.523226135783602,9.94239130434783,9.053869235359269,1049.33910532971,58.2461641262906,1713.5784919944101,12.8721010246489,231.182616797465,0.0,483.245105446512,15.1580260074295,26.504730025690197,440.846772700257,1365.89553289858,104.288022484886,3209.5364810594606,8.94691140616553,301.789537353059,354.51966161492203,13.570648552630502,,,2020-03-28
Mexico,16.2,19.78,11.2,28.555,64.81,3.34666666666667,40.78,56.45,447.41,,6.62,0.0,,0.89,,50.41,42.87,0.0,3.6,1.31,0.68,-38.172266139657395,-13.340909090909099,-33.330368906455895,-38.8762784559551,-25.923748353096197,13.013998682476899,754.3911444195289,62856.06462415269,4418.9959447388,61628.79162630191,5314.21720243038,39025.5060984802,3.42163234822637,33395.640642869505,2543.1973292563603,4508.368836960871,32185.1179956712,93993.74437937401,5663.52103984181,156698.377264666,674.5218954073,21477.0487880271,60506.6616268554,6002.40614005087,,,2020-03-18
Moldova,27.1333333333333,29.925,8.095,18.64,51.77,3.55,76.31,16.18,397.75,,10.87,1.49,,0.13,,,72.88,0.0,,12.69,9.45,-23.3913043478261,-12.9891304347826,0.0326086956521739,-30.326086956521696,-25.4130434782609,6.88586956521739,28.5524141041424,217.389727151203,173.795165189131,273.717238619397,0.924790481048093,3135.8559003484197,0.0,921.4131653341209,258.532071415348,9.6643191510176,1315.84669974313,6459.68464860345,171.363240122921,23688.4561968531,4.01836870410129,985.1109853204871,3916.29485065625,2.04898627568465,4.0,4.5,2020-03-23
Mongolia,22.9,28.97,11.68,20.375,55.49,4.27333333333333,58.48,59.59,231.28,,28.0,2.11,,10.32,,,23.72,6.75,13.4,3.2,7.83,-1.77173913043478,22.4157608695652,24.6784741144414,1.8043478260869599,-8.39425587467363,-0.616847826086957,31.4071562872639,318.31595027053,44.1962685193751,95.67047463083841,2.19199939180493,1326.30718374413,0.0,333.80026613926003,366.845736141876,30.529233789649897,275.900749074707,4626.73628036353,17.1374029810755,7482.58727572705,20.171517058852302,680.1799221718061,1773.7028355542398,11.4076340354,3.166667,3.5,2020-05-16
Morocco,38.0,26.025,13.72,25.79,60.21,3.82,49.75,16.51,595.64,,3.74,4.19,,7.26,,38.75,70.27,2.93,3.4,0.49,6.1,-49.383152173913004,-31.652173913043498,-46.1834239130435,-46.914402173913004,-37.851902173913004,17.021739130434803,748.1622760360859,4450.102416582439,1218.8260347757,7848.769166837141,87.9248837668688,3220.7585381059803,0.0,7520.236560157769,4949.54923173982,1073.74567321726,8979.01638958543,23877.315750503,658.97269304553,112480.513271152,413.417559428556,5841.529814417261,5808.339340760451,111.208072864048,,,2020-03-22
Mozambique,50.9333333333333,28.86,6.365,6.9,25.785,2.62333333333333,29.36,55.69,122.27,1.805,4.7,14.97,,27.41,,,,13.18,27.9,38.54,16.15,-13.4275037369208,-4.3105590062111805,-19.5745257452575,-24.401627218934898,2.95215437483479,6.5493562231759705,3338.28292359602,2557.4011090338604,312.419424131409,4301.92775385655,2494.64667701733,2332.12486570636,18867.0767847292,3860.4011538303102,19466.3521431459,10612.0419959806,2206.50673753508,15412.088946813701,67316.4109002909,29505.7014892157,684.416646209826,14013.8442730606,6968.1168772936,2621.99675255164,2.8333333333333304,3.5,2020-05-11
Namibia,24.4333333333333,28.29,7.43,16.465,39.535,3.39333333333333,34.5,82.54,293.8,2.155,12.43,7.13,,48.71,,,,6.34,27.3,4.35,3.99,-23.936170212765997,-9.93239436619718,-23.207650273224,-47.241847826086996,-13.2349228611501,10.4955156950673,107.317379783983,244.171256452029,43.550559095424994,530.964398724924,133.74983242552298,211.200357619752,8.09332960852124,639.9061025310041,875.0302842843989,818.804965668698,394.641747167652,1512.5953871336499,4126.97659029558,2934.5596822231105,9.750865766799901,1141.1606340618,583.6437961899691,137.471985644589,,,2020-06-25
Nepal,36.6666666666667,29.58,10.59,4.03,20.97,4.6,62.05,61.57,480.19,4.22,13.69,2.66,,21.49,,,27.24,1.96,8.7,2.77,6.57,-43.5489130434783,-30.8858695652174,-28.8858695652174,-40.5163043478261,-34.1467391304348,13.8315217391304,858.542734313525,4756.9525285094705,698.109899656948,5055.96242105357,417.47172023348503,5564.79146517916,728.781691620052,23076.025064439902,4871.40188745126,10678.0994204502,4022.6040610607897,17797.8716605746,2773.03341692546,48051.7764800491,783.300990829878,9520.823811685459,9596.218277864979,786.0400378484441,3.333333,3.0,2020-05-07
Netherlands,18.6,18.69,4.35,20.38,57.775,3.5566666666666698,0.24,0.05,718.79,,2.29,0.0,,0.0,,97.47,99.95,0.0,2.5,0.0,0.0,-13.7249163879599,-2.0873745819398,99.12591951536129,-35.45610367892979,-26.839882943143802,8.37667224080267,93.0796609090392,2644.6761219138602,1745.03670863551,2639.13137747391,81.9236768990242,1634.1271917323902,0.0,9889.1828432963,91.138383087215,350.056546536831,14333.7051906744,50813.10457751821,59.0270075075597,39506.7182874481,17.770751095836697,5977.495793828729,5470.2136851962105,171.533191556569,,,2020-03-06
New Zealand,14.333333333333302,16.3,6.93,30.76,65.71,4.61333333333333,11.32,0.0,626.09,,0.0,0.0,11.15,0.0,,88.68,100.0,0.0,2.5,0.0,0.0,-31.306600660066,-15.1670096021948,-41.761904761904795,-36.8697813121272,-13.619909502262402,9.37897310513447,13.804880793143301,758.110232944621,367.937495959189,534.592373221612,6.95562774449824,285.34553876911497,0.0,2098.23860053665,17.694855690868,72.5552302693788,2900.73083285912,9637.484582305691,9.17482635781503,10624.5042952091,3.1867287591179503,716.0222765350701,975.460543765965,10.0053113675321,,,2020-03-22
Nicaragua,19.3,20.755,10.1,23.45,58.04,3.59,74.43,29.92,146.22,,5.67,1.53,,6.5,,,51.6,3.3,17.0,13.39,13.64,-28.430164630908102,-14.150555555555599,-21.673398058252396,-28.053388090349102,-11.010958046336901,8.40122199592668,56.6832869760536,2295.18862596293,138.189947906615,1216.1367022836698,99.4943825604158,1109.01107509836,2.59607701368742,873.6141081872161,139.95915259172898,181.94502657529702,1131.73811685176,3223.65336805098,616.134757249084,5945.40989019643,15.4571363321224,870.6626358319701,1552.580404156,101.937947225776,4.0,4.0,2020-05-19
Niger,52.0,33.55,5.63,5.585,22.13,2.64333333333333,3.96,50.27,237.42,0.835,9.74,14.88,,67.85,,9.6,,3.78,16.5,8.85,31.07,-7.97101449275362,-1.5108695652173898,-10.852336448598098,-18.1358695652174,-6.19507908611599,5.105072463768121,7915.749256806641,1731.61629859578,198.856449280603,1617.5938453374697,2237.8345088835604,1451.43329720404,31584.261883343,2954.4310151982695,5733.75213447234,21920.586698085,1163.01219789271,7939.119683471321,2227.83682808731,13463.8686297357,701.830801410591,19780.141769972,4275.77720114893,2372.5226865788395,3.8333333333333304,4.0,2020-04-03
Nigeria,52.133333333333304,23.855,6.15,8.845,28.915,2.56,12.52,51.24,330.13,14.6,20.51,6.57,,19.8,,26.65,20.13,7.46,13.4,20.52,14.6,-21.8210205141522,-15.4380633706638,-21.737122163919896,-23.947408829174698,-14.403913347309599,13.096920222634498,52900.7115839037,13435.1755500188,2885.8356094007,11809.4942921608,25480.5818759048,44779.487817167195,162413.527397087,18560.780965866597,57170.8724594767,140834.376448626,19951.0987689595,93553.9123545285,177250.10489041102,119236.117284253,3281.8967080561497,191631.673360135,69937.4139314725,26187.4662022384,3.3333333333333304,3.0,2020-03-29
North Macedonia,24.8333333333333,28.395,7.195,22.355,58.04,4.45,82.57,12.13,825.42,,0.17,6.26,,0.68,,16.56,81.01,0.0,3.2,0.02,0.6,-29.1467391304348,-8.51086956521739,18.8586956521739,-36.375,-27.4347826086957,8.46195652173913,7.97998808956923,303.049309568555,136.05045212416098,738.086580442852,0.468331066927633,231.083193382091,0.0,521.2326307663141,31.921144441860104,7.239972751503941,810.302684993454,4293.27005578896,1.7719627717678899,10257.7886654756,2.7923286028855596,145.893925063441,454.540268863515,0.954227864041433,,,2020-03-22
Norway,17.3,19.625,5.055,23.075,58.18,4.35666666666667,21.74,1.66,597.52,,1.95,0.0,,0.0,,76.32,98.34,0.0,2.5,0.0,0.0,-7.00871717606543,1.87256776515578,63.4695512820513,-23.860875899116802,-33.6706461314135,6.37817181290125,18.396342948832103,586.268654466087,458.52477647289004,577.213772296586,41.2227038173386,365.52092243452597,0.0,2619.1061685988802,38.7720714082395,319.400694015313,4400.32397608046,11435.5212370608,14.0102987856651,12627.2938226623,7.070938066727019,1802.9614723671102,1363.0180665634,57.2207082912503,,,2020-03-06
Oman,39.3333333333333,24.09,13.325,28.325,63.145,4.3,100.0,1.66,912.33,,0.0,8.06,4.15,0.0,1.92,,90.28,0.0,6.8,0.0,0.0,-31.039673913043497,-23.356521739130397,-31.392575928009,-43.2486413043478,-18.7339990921471,13.053191489361698,18.0373561723516,245.306159374378,46.9470983118482,517.65684939783,2.58532063789982,171.28428366545,0.0,163.763303995472,17.6669684129392,19.321933630006896,388.274667483959,1233.90558107474,125.269957638104,4005.9772435235705,26.094148570279003,395.61703288609,239.41893013268998,34.2937411512959,,,2020-03-26
Pakistan,51.866666666666696,30.48,12.355,8.63,28.495,4.80666666666667,59.87,56.15,152.59,27.105,10.18,0.6,,10.43,,,35.31,2.08,20.3,19.52,5.86,-28.658752860411898,-17.438769587928,-9.20005175983437,-27.3921624713959,-22.0072463768116,10.113272311212802,19630.9993842821,36077.7571351904,3550.0855545689396,39379.9419428058,3281.34660981698,44463.121760508395,4997.6765388895,68576.77877862321,44720.5297424096,60973.625329910996,21729.6535578221,166264.543378637,4786.81347607947,371898.26362586796,6000.10730888932,61885.431779559105,71165.2154727289,5796.720255597021,3.166667,3.5,2020-03-15
Panama,24.5666666666667,19.8,9.335,22.71,58.765,3.94666666666667,83.32,96.38,324.65,,5.78,1.92,,4.42,,,,0.6,10.0,6.49,1.1,-61.5353260869565,-41.4076086956522,-57.4565217391304,-58.961956521739104,-51.9483695652174,29.0380434782609,50.6323597514784,930.0015572310539,169.15740800317602,1043.06278103225,106.171908279633,446.697605410305,0.440461563263823,741.745663049922,201.52925857581798,174.946642286114,1239.06563792651,3436.5372848375,543.40748036993,5056.18834660164,8.404445970823,887.645946094625,810.742082788397,113.95899914276801,,,2020-03-19
Papua New Guinea,39.1333333333333,25.47,14.84,21.195,52.715,3.29666666666667,12.95,41.33,,1.73,2.26,1.71,,14.47,,,,51.45,,70.32,5.51,-0.402173913043478,14.554347826087,-8.76630434782609,-18.7173913043478,11.8804347826087,3.89808917197452,756.795445462355,1909.9945425053602,117.316027100397,2945.0134131144896,834.142187192452,1272.0124591253,580.625589710046,11841.5190308527,1231.2771997468801,3207.1548300896,482.382063061471,5988.37544553974,1410.72701177584,22944.6444224628,203.50667585738398,5403.669480665971,1848.08255551148,856.761477870623,3.0,3.0,2020-08-02
Paraguay,25.9333333333333,24.54,8.14,20.29,53.485,3.62666666666667,31.31,35.72,319.34,,3.35,0.39,,0.66,,58.47,63.89,0.0,10.7,6.2,0.0,-33.090411840411804,-22.1653252850436,-40.1950943396226,-46.28021108179421,-11.4482029598309,13.555875576036902,87.03968119290701,1587.99424264581,201.619490032811,2136.29288765851,239.86489887044,658.993955324893,0.0,1057.8132378933099,232.346372816135,171.655754277499,1511.81699648482,5501.87250182217,777.153576833679,9640.051603350821,11.653871980164402,1348.30584754584,1494.31360731224,245.624864988344,,,2020-04-05
Peru,20.8,13.685,7.655,19.675,57.44,3.7,31.58,40.78,505.09,23.97,10.86,1.01,,6.53,,42.76,50.35,2.64,9.7,8.27,5.22,-56.8942362700229,-41.837350442171,-43.1141221531238,-58.828154724159795,-35.938441322147,22.232047103354002,267.475145156763,5112.81258814307,1260.0640236272197,4169.16540510261,634.528446851535,5414.08087951839,6.12497307683272,7365.22611718575,2085.15748122637,1187.1293436405902,9677.36118248515,27664.2555747529,2426.21023341577,26633.2012965106,88.37081648928309,16383.3734616874,8992.65316941611,706.1932064651301,,,2020-03-17
Philippines,20.3,22.545,7.16,6.375,27.47,4.45666666666667,24.89,46.91,464.04,38.14,14.88,1.86,,5.09,,51.64,46.65,0.0,13.3,3.5,4.57,-49.996655518394604,-31.505016722407998,-34.0541387959866,-51.350752508361204,-36.2359949832776,20.9182692307692,3585.41882595961,33747.142685125604,2329.89704536697,25660.944629601698,3414.0602248961895,12411.816926835501,99.2151281409141,32696.3014864516,29668.4584900695,7322.844220417791,15302.690477158501,77830.2980454592,4311.4104081120295,214765.242092153,771.726569350136,68358.3678246404,25975.3723778366,4157.8008934287,,,2020-03-14
Poland,25.8666666666667,28.765,7.685,22.95,58.325,4.4533333333333305,5.54,0.57,459.99,,1.04,0.0,,0.0,,93.25,99.16,0.0,2.5,0.16,0.28,-10.460147518542,-3.0927646396396398,24.9866321487409,-23.1848872217561,-18.218972916545802,6.285720305060459,166.08473099638098,3342.51723957471,3500.40174607976,6715.77492443603,76.8833408807468,7826.52753421731,0.0,11872.9121652626,591.8624011017121,303.173341947416,28199.0098602054,109405.484112251,153.527286715471,167394.30478707698,46.160701711848205,11177.593382865,16846.3171928459,98.2841747872939,,,2020-03-14
Portugal,20.0,24.445,6.86,20.78,57.575,4.0333333333333306,14.9,4.6,759.76,,0.33,0.0,,0.0,,84.71,95.31,0.0,2.5,0.06,0.09,-31.9460819213062,-11.973255246461699,7.015253682487731,-37.503846458878606,-30.972590627763,14.297396009469098,43.9383716311584,3013.2088575987,1230.33700840098,3658.3287741929103,79.9063539657183,2088.1035291426,0.0,6395.03579652447,221.662620043445,164.80902327746298,10423.837437729399,28911.310770351,508.81708284285696,35490.5246149641,27.831434396729303,6973.99252914418,5008.2047570862605,111.189853139974,,,2020-03-13
Qatar,29.533333333333303,21.015,18.855,37.775,72.16,4.63,3.97,3.39,,,0.0,0.0,,0.0,,96.03,96.18,0.0,,0.0,0.43,-31.320652173913,-4.432065217391299,-19.853260869565197,-36.711956521739104,-20.584239130434803,15.758152173913,5.6006407180092195,107.06889698094999,14.6362893663651,267.590526506887,0.34486633569121194,106.20522813740801,0.0,56.82920852215779,7.085908874833421,3.37202265851825,87.7137937533648,614.3018436476401,6.78303742949853,854.9443019568599,4.3526039861176695,85.85337282034,149.470648236909,0.7578809376380259,,,2020-03-11
Romania,26.9333333333333,29.95,6.835,22.49,57.71,4.59,7.77,18.08,699.61,,0.25,0.0,,0.0,,76.54,81.92,0.0,2.5,15.44,0.0,-24.836146455466103,-10.2148119088096,-4.04080548580259,-24.4833019652471,-24.8214431308602,5.59885151763741,77.0091092691017,3057.37472112209,2157.4064686950196,2268.23618567453,57.2568484105693,10011.7118602302,0.692288154138439,7370.590310946291,1040.48007213704,112.486513659616,14103.1306275217,51158.9728960305,174.901718257165,143430.73623913698,43.5019210048662,6229.255080309301,14116.4820765575,83.5823534373578,,,2020-03-14
Russia,23.533333333333303,27.445,7.685,22.5,56.93,3.90333333333333,29.18,21.06,507.36,,0.0,0.63,,0.0,,61.31,76.03,,2.5,9.52,2.28,-20.249360613810698,-4.5466751918158606,18.5789641943734,-14.174552429667498,-26.2928388746803,3.6483375959079303,1398.03395414111,11531.2210514763,9669.31324630697,16328.0610018918,216.79666189662498,52292.6444183541,0.0,38552.1623822671,11182.4512247778,425.777427552062,83112.7276424088,295536.093909088,21220.803920496,1002859.53478947,222.616812702028,36153.337563649104,96824.1000110346,1048.41064695114,,,2020-03-17
Rwanda,22.9333333333333,26.525,4.415,5.61,24.55,2.6933333333333302,66.57,57.71,1008.69,0.995,14.36,21.76,,2.19,,,,6.44,36.8,16.88,14.08,-26.456521739130398,-25.727173913043497,-9.59375,-31.8689604685212,-24.4894166236448,16.8607918263091,1343.1236847503098,1113.91509148232,137.522375676053,1552.92123359681,1538.0445259578,2591.4832231613896,2848.12632050693,2047.91904479566,4606.86348024069,3852.8243845285797,1060.98257386675,6086.5329609908395,3270.6533010998805,7829.506265728171,258.319965997129,6475.27623933539,4712.64231353633,1584.70216715672,4.0,4.0,2020-04-04
Saudi Arabia,43.7333333333333,22.78,17.31,36.525,70.045,4.34333333333333,22.25,100.0,539.48,,0.0,0.0,,0.0,,77.75,,0.0,7.1,0.0,0.0,-28.1378105590062,-10.7996894409938,-26.3501712328767,-48.7324907846235,-26.039208074534198,12.7152089616545,143.923326768903,3741.76068768658,465.034135841366,2073.87611796836,46.236318901713496,2395.64433862719,15.4231298292844,2633.6545160061,688.583254000728,212.688176344884,3308.02252782485,11451.1824630867,509.175763622156,31019.8049158372,152.695930651016,3462.65840395685,3032.14745004896,49.918725107251205,,,2020-03-14
Senegal,52.366666666666696,30.06,7.415,8.445,27.675,2.8,30.02,80.68,208.34,2.255,16.96,2.59,0.31,13.75,,21.46,,0.28,11.3,17.81,16.45,-26.776798825257,-14.280547409579698,-16.419621749409,-38.903814262023204,-8.69569424286405,9.62003179650238,2042.0918881672897,1899.66664940068,325.189915478928,2294.46179221977,868.8976708684199,1394.08878385681,2132.57862587224,2797.5726613198103,5277.0601194827705,7259.23280955479,1903.1365540092802,8708.11502127271,1967.35911309457,14534.3485298929,259.830070426912,7787.95327172128,3688.01516142623,922.4208977373199,3.8333333333333304,4.0,2020-03-26
Serbia,27.6,29.47,6.87,21.45,57.16,4.46333333333333,72.84,10.79,593.92,,0.0,13.7,,0.08,,24.73,74.73,0.02,5.7,2.36,0.76,-30.366906474820105,-15.3525179856115,-5.348920863309349,-36.0719424460432,-34.4208633093525,9.13669064748201,31.758682956267,2447.55324604746,852.482770274027,3530.9309863152002,10.880849770315,1312.98302146446,0.0,4226.693889369571,145.09724928638,68.1890509484115,6373.911045665601,27363.8464488694,77.1590115786523,67646.8759107075,7.01685069198394,1527.6605435244298,4271.2252720856795,19.9549745035269,,,2020-03-19
Singapore,25.3333333333333,14.59,7.95,6.09,31.835,6.47,0.0,0.0,,,0.0,0.0,7.12,0.0,2.28,100.0,100.0,0.0,,0.0,0.0,-37.320652173913004,-9.8804347826087,-35.043478260869605,-42.179347826086996,-34.3152173913044,24.793478260869602,5.22635404171216,588.9605226674,176.45386936758499,146.052963701066,0.6808839698364039,245.356219289553,0.0,587.823586849046,20.5554137761464,15.310324403285902,1537.2821495055898,5293.84617003235,30.8038926421743,5954.30976125615,1.94481608556959,2600.4688326986497,530.893166885562,1.3575286924416203,,,2020-02-29
Slovakia,26.8333333333333,28.555,7.24,20.44,56.21,4.68666666666667,15.42,0.0,324.69,,2.02,0.21,,0.0,,82.52,99.79,0.0,3.4,0.05,0.0,-23.129840546697,-9.21695236092123,29.0436197916667,-26.9889268465072,-24.0835543766578,6.79042131796903,26.148909924092496,717.8232827004119,368.62067136847503,733.814240539647,5.589546269071049,1563.3256196927,0.0,1119.5816654989599,30.6737739433606,22.509352218531298,2957.71438433132,13339.3585552375,3.87166996344847,25186.8556697546,5.443311972044669,1691.64632854491,2795.80697813594,7.55987921305327,,,2020-03-18
Slovenia,24.8,30.37,7.135,20.19,55.995,4.72333333333333,16.07,1.48,541.62,,0.89,0.0,,0.0,,83.04,98.05,0.0,2.5,0.0,0.46,-25.865897512736,-18.6487714574217,0.205318491032777,-33.6917715827338,-30.6549415515409,5.83458646616541,6.99149225783946,210.18917466754502,203.181617190811,291.936443787816,0.449740740139252,536.533731856153,0.0,614.64477855476,13.354671472948,5.991313685733959,1475.63502324255,5886.28880016321,2.9155384168880896,7242.063054863101,1.0238081820904699,580.607966839136,1041.01633155801,1.29860234753104,,,2020-03-12
South Africa,26.533333333333303,26.71,11.15,27.46,52.92,3.1666666666666696,75.75,92.68,222.05,,14.86,2.79,5.23,1.45,0.82,,,2.7,6.2,7.95,1.83,-33.7940217391304,-17.0097826086957,-20.221739130434802,-41.3146814404432,-26.7179347826087,15.903260869565198,2374.9759426865803,9265.0998265217,1203.39857874289,23444.4994110348,1947.3299172743102,4520.46235712437,64.9127771132477,18450.2912920731,19918.5718301964,14810.455244941,11530.6349515004,48561.8823071832,160227.61309303198,78930.6820236453,181.594341752613,27260.8998636799,11571.5135018502,2001.36871217309,,,2020-03-18
South Korea,23.7,10.98,8.015,4.62,30.2,5.2033333333333305,0.1,1.57,747.25,,0.0,0.0,6.9,0.0,2.33,99.9,98.21,0.0,2.5,0.0,0.21,-11.220108695652199,5.02445652173913,33.7527173913044,-10.5625,-6.48641304347826,4.67663043478261,102.86945556773199,5905.63525343156,3224.60475680609,11364.8449455827,73.5784141712588,9027.40664486804,1.88535452836243,13189.115217646298,2892.7031858051196,885.280465872498,29798.685258172998,89670.9500540197,143.546925446127,63730.3419927797,105.88679333927,13062.8625242572,15259.3923738276,191.28556837562098,,,2020-02-20
Spain,19.1666666666667,19.105,7.11,23.66,61.49,3.89666666666667,3.28,1.48,524.32,,0.08,0.0,,0.0,,96.62,98.44,0.0,2.5,0.02,0.07,-41.1036059351277,-19.2765237020316,1.2430124223602501,-39.1538935327761,-33.0261387163561,11.378701344345801,192.490483592094,10721.5429415897,5829.58664869225,8290.95703593172,176.838178580839,8011.12863503713,0.6787213888044201,33556.8552764817,389.259406986913,948.921709090206,50899.845554403,116022.107929291,695.0367212003931,123262.59846744,120.09417207075701,12833.9174731769,21237.0416969291,329.09721739647006,,,2020-03-02
Sri Lanka,33.5,22.325,7.365,5.06,23.025,4.59333333333333,95.78,89.42,225.73,7.81,3.07,3.21,,0.56,,,,1.64,9.0,0.59,5.73,-37.2826086956522,-26.548913043478304,-20.820652173913,-32.711956521739104,-29.3152173913043,18.3695652173913,322.34877995357397,4448.70363306751,717.564152080218,11459.900398515701,120.227284936912,3923.89494358012,0.0,12140.270836136102,794.324678530091,696.8867002506099,5786.11777513245,16384.295962213,62.835003142325604,41232.3547188,25.536443665180997,4931.4520251358,5129.91366918585,136.616774789816,3.0,3.5,2020-03-24
Sweden,17.466666666666697,19.26,4.9,20.555,56.32,4.61666666666667,5.92,0.06,600.95,,0.7,0.0,,0.0,,93.38,99.94,0.0,2.5,0.01,0.0,-2.3676752997353,0.24458335540604997,61.7144233084517,-19.8451277984066,-27.2695142504968,6.312667261373769,31.8369466947232,1474.0035302277302,1204.0791316929801,1709.1088699328302,79.6503323757657,1073.66766304159,0.0,4487.15456285945,77.5024657876679,638.965316188002,9485.201703349241,23938.7617479394,24.5530529122405,33880.5291647823,8.092163549582,2891.8077519934805,3009.03984863317,104.96855805145901,,,2020-03-06
Switzerland,20.5,17.995,4.065,19.525,54.28,4.0,0.35,4.54,581.68,,0.1,0.0,,0.0,4.25,99.54,95.46,0.0,2.5,0.01,0.0,-28.3780936045087,-2.6877804169965698,34.346496322106105,-20.3428930290978,-24.4888655462185,8.628677609166921,28.3117809960392,1599.30445306267,851.2006285321761,1111.64800477716,46.893664629334204,935.366586577146,0.0,2828.8505582623998,32.5984867745508,212.984712970435,7461.485819366129,17906.096149403602,36.101385269379996,21161.921814814,77.426008019119,1672.74894600626,2604.3472752591197,71.8140932406878,,,2020-03-05
Tajikistan,31.4333333333333,26.04,10.09,14.11,45.26,3.89333333333333,97.02,33.33,559.45,1.065,2.41,2.32,,0.07,,,47.87,14.17,,0.5,2.31,-16.3913043478261,-11.904891304347801,-12.040760869565199,-29.4375,-11.415760869565199,3.37771739130435,287.27951383974,625.2892351865901,199.11093416391498,1262.54181741515,7.575578042733201,1487.7250019735998,0.0,1428.0357878044902,779.6328232358161,1787.70828331835,1269.8162215630698,4557.1778199728005,48.6134544177209,17733.2751592455,135.046662149448,4961.18434223666,2095.50542827538,44.83837124028089,3.333333,4.0,2020-05-03
Tanzania,40.3666666666667,27.15,6.085,8.32,27.515,3.13333333333333,4.53,56.73,336.61,4.585,16.94,11.43,,11.75,,25.38,,14.23,30.7,41.39,17.61,-12.1325224071703,-2.59827656955273,-10.0852737570799,-8.57740267639903,-8.09134233518666,5.29201961658493,5434.65090111531,5664.01171963199,679.118095195737,6844.00570396447,6774.40301451646,6022.21991924303,15206.612297874599,6249.992729005489,20417.0388135412,14947.580018441698,5475.256287990829,26949.465401833597,32603.0062242439,42934.0158602535,848.431353180625,33856.9669564178,12568.6448306514,6970.84564219944,4.0,4.5,2020-04-17
Thailand,34.5333333333333,22.285,8.525,9.85,32.405,4.69666666666667,98.75,99.93,423.77,,1.19,0.07,,0.0,,,,0.0,7.8,0.06,0.0,-20.7010869565217,-2.2445652173912998,-24.6576086956522,-34.679347826086996,-17.3097826086957,9.31521739130435,1230.32175890842,20977.7356685077,3472.1770611976194,14111.118622638998,397.24770779792,16789.2227878797,30.1675831083076,18833.7891183658,6106.90769599401,4127.17474626777,29408.4029852593,98624.6502020709,20026.1583082102,97737.70640196801,296.202518593003,34657.0729152375,26419.748311938398,438.780579606514,,,2020-03-15
Togo,52.6666666666667,28.72,7.14,8.175,27.68,2.71666666666667,16.13,65.13,102.22,0.565,26.5,5.78,,47.69,,,,13.37,16.1,9.68,15.72,-19.902173913043498,-9.94565217391304,1.3577235772357699,-26.980978260869602,-7.02830188679245,12.603260869565199,790.969705287862,746.5613339499021,99.75542814488459,799.586395881281,490.278345609423,727.1393282614019,6966.31388954714,1263.48679478884,2373.7959865715898,3261.6887423336498,552.50305182178,3494.4190463245,4937.09398122057,7379.097321112241,126.53874829890499,3796.10307277999,1692.97148424422,518.779382877148,3.3333333333333304,4.0,2020-04-29
Trinidad & Tobago,24.5666666666667,25.79,11.685,18.41,45.78,2.8,93.4,98.18,409.37,,5.9,1.12,,0.07,,,,0.0,5.5,0.62,0.7,-28.179347826087,-6.60869565217391,-19.6413043478261,-44.0434782608696,-29.375,13.711956521739099,15.8957282611479,461.240717444055,62.149902874581606,1573.08473114867,22.192077029909502,176.728870623759,0.0,244.00369505357799,20.6518308985056,24.902894358102998,455.515841186501,1831.9326633270898,223.50017421345402,3761.97921155295,5.37947789762285,304.391752168582,441.147787413395,22.981326603372104,,,2020-04-04
Turkey,32.0,20.17,13.61,31.785,66.675,3.13333333333333,32.1,98.88,1009.35,,0.58,0.0,,0.32,,65.2,,0.13,2.5,1.8,1.0,-27.498340282887696,-1.6247037416474301,5.123532037634781,-27.166985292725897,-20.8182097579716,7.19513692977911,378.798726328116,14999.3051690339,3196.25467680286,14680.5318356355,438.95140382207705,4964.74157359913,0.0,30279.4823493294,767.667985214467,524.4399630104799,24442.5705318384,91631.6624565062,190.249651052677,144981.471630444,379.216440890128,10936.8897729432,10062.6690896165,645.225628235283,,,2020-03-18
Uganda,30.2,27.235,4.57,5.225,22.315,2.7066666666666697,18.47,42.04,397.02,2.395,17.69,31.72,,5.62,,,7.07,6.72,41.0,58.21,12.46,-31.5107564191534,-27.604735883424397,-13.3573298429319,-37.375226586102706,-11.2510387811634,14.696682464455,5135.1632628443795,2956.7470067938502,303.013816544187,3679.8899267644897,3640.82020916439,4226.673182868521,21198.830200186298,4442.63666625938,14288.448326920201,11847.826631419599,2343.3581756942103,20153.6009191639,28090.3774786621,22326.624854011297,343.90903840230203,15164.970455833998,8572.61915018463,3722.0906128718702,4.33333333333333,4.0,2020-05-06
Ukraine,23.9333333333333,27.31,7.295,23.835,58.475,3.69666666666667,27.76,1.78,617.23,,2.22,5.64,,0.0,,68.46,92.01,0.33,3.5,1.55,0.24,-20.2554347826087,-4.0625,26.3152173913043,-22.105978260869602,-25.258152173913,4.89130434782609,502.135742942181,3028.41485121583,3981.93255336096,2713.29368575781,65.8489937259397,21525.9840833125,0.0,11616.7472945025,4120.054196878429,108.035479546411,35136.0772211959,101635.380770101,4619.19047130264,442976.40219431603,164.754726413757,9680.75979795411,32563.291567842796,180.869072069383,,,2020-03-25
United Arab Emirates,29.533333333333303,20.225,15.21,34.275,68.695,4.44,2.31,98.05,510.4,,0.76,1.91,,0.06,,96.28,,0.0,2.6,0.59,0.05,-29.078125,-11.3709239130435,-41.833074534161504,-43.086956521739104,-22.8254076086957,15.087145969498902,136.710343710541,763.289485507171,66.0202661608762,1031.1937728370401,4.32493411620656,372.064595133583,0.0,1437.26839313453,75.2618148114357,52.6616305782197,257.676534844199,4663.00087320629,188.499726874075,6667.8356896939,76.6360781667145,545.989096912436,534.985970090031,9.01341330456613,,,2020-03-18
United Kingdom,17.4333333333333,15.16,5.785,27.76,63.765,3.4766666666666697,1.36,0.01,614.79,,0.72,0.0,8.42,0.0,2.83,97.75,99.99,0.0,2.5,0.17,0.0,-42.2620334620335,-13.2176120384236,19.9289990599179,-36.8062432723358,-39.1884871379745,13.956494325346801,287.294811372924,6770.32981708127,7242.80970511948,5367.60485070605,98.69423835746392,9190.78930376979,0.0,47061.6051976701,387.16545138828695,1210.19231667461,63341.5398495803,177825.608536832,277.837945195641,173817.382117856,61.8979532272389,36680.1970773763,29394.8835039817,143.538314520747,,,2020-03-05
United States,14.233333333333302,12.925,7.305,36.21,67.96,5.11333333333333,10.0,0.27,598.59,,0.0,0.0,,0.0,,89.97,99.0,0.0,2.5,0.03,0.73,-9.767964486365301,2.85974849454363,36.0483814736695,-11.1969344927782,-23.730319686631304,8.58268424737043,1399.1289920230802,83950.5682829704,28971.4346636807,66146.9410203874,4254.75355649045,61818.9683815819,0.0,193095.767750038,913.535941917597,9596.27741936081,254246.444535313,678637.5964214121,7261.846648857901,880034.6762411541,1024.09814727872,91591.85350368699,112503.32988373599,4864.562086070639,,,2020-03-04
Uruguay,24.0,20.755,9.46,27.755,62.875,4.17,96.6,99.4,358.9,,2.34,0.6,,0.4,,,,0.0,2.5,0.67,0.0,-29.461044645462497,-12.6173306193661,-45.8928571428571,-38.6063936063936,-7.6875,9.47131509267432,16.635902926349598,782.54065972868,335.177110276619,786.1313552612511,81.19274200775891,486.814359434683,0.0,2052.6663325322,58.4877729960612,151.06775804518,2327.48789834667,9461.14793756037,181.247875948833,9736.857184488199,9.37772200953966,1458.6884137215698,1442.3446335413198,133.881491474767,,,2020-03-20
Vietnam,28.4,23.32,5.34,2.085,18.13,4.40333333333333,83.52,94.72,590.51,31.475,3.76,0.0,1.43,2.99,0.82,,,0.0,9.3,9.74,5.28,-20.763506625891896,-6.6989445910290195,-20.2387102292166,-18.208498114595802,2.15523097826087,6.228454648230279,730.944404798674,16871.8813566054,3647.64535436389,22516.4672538188,70.5906365094272,22141.447200454102,1406.57763639913,35120.8735910142,17877.8856872129,2156.84201530499,27416.4551262612,116632.003001659,11462.3465012942,196198.231495964,660.13110610575,18009.0984561527,29027.1062140124,950.486483721658,,,2020-03-22
Yemen,67.6,30.55,11.365,16.985,48.67,3.61,59.05,63.47,229.55,0.715,5.5,28.57,,19.57,,,,4.19,38.9,15.88,3.76,-3.2391304347826098,4.60869565217391,-4.63586956521739,-3.4076086956521703,-6.7282608695652195,4.36413043478261,673.224485958055,1894.7953041585502,403.92107308717596,2004.3791882188898,672.820237505642,1657.32196369153,6.1267060752079,4768.79820597721,993.189425096679,7495.197385524821,2558.6185198225603,11515.5060450115,350.968076370421,51250.9792575201,366.488817802621,6446.95108025693,3391.73492187154,766.1099972414371,1.833333,2.0,2020-05-15
Zambia,35.2666666666667,27.055,6.575,7.995,27.675,2.8066666666666698,26.37,59.96,98.59,2.455,17.69,7.5,0.89,19.3,0.09,,,8.64,46.7,36.64,23.89,-6.63858695652174,-1.7608695652173898,-0.255434782608696,-10.9402173913043,-6.41847826086957,10.497282608695699,2479.48416049083,1795.77840021215,192.381835933705,2259.87014899179,2643.33254015367,3131.75979579037,4777.67446363041,2164.51588123915,8235.09916296046,7651.26186369277,1315.6239002479301,8496.39313433048,22565.979292636002,11778.7216352873,307.278074674371,9034.48249099053,4873.6696255528295,2694.35271841495,2.6666666666666696,3.0,2020-04-30
Zimbabwe,30.4,28.035,7.035,14.99,37.475,3.16,36.22,64.05,85.91,1.295,27.96,13.2,,24.93,,,,7.1,51.3,10.89,15.65,-28.612660944206,-14.5112107623318,-27.224446786090603,-42.1555783009212,-17.7210969149268,21.1816976127321,1703.04557602095,1721.5710926035001,178.69040853417098,2705.73834669848,3188.17932564223,1422.3040661481,712.799649157426,3385.9277554565697,12205.7563707504,4647.44583174865,1223.7347659913198,11228.7954853079,18466.2792193905,16816.6526728992,138.24883746308998,12500.8435365577,3345.4596587019896,3234.5205334410803,2.5,2.5,2020-05-27
