country,adult_anemia_2016,adult_blood_pressure_2015,adult_sodium_2017,basic_sanitation_2017,basic_water_2017,fruit_veg_availability_2013,government_revenue_2020,limited_sanitation_2017,limited_water_2017,nurses_and_midwives_2016,open_defecation_2017,physicians_2016,safely_managed_sanitation_2017,safely_managed_water_2017,surface_water_2017,undernourishment_prev_2017,unimproved_sanitation_2017,unimproved_water_2017,workplaces_percent_change_from_baseline,parkinson_disease_deaths,dementia_deaths,cancers_deaths,economic_rating,macroeconomic_rating,cases_per_cap,day_number
S. Korea,23.7,10.98,5.2033333333333305,0.1,1.57,747.25,38.14,0.0,0.0,6.9,0.0,2.33,99.9,98.21,0.0,2.5,0.0,0.21,-6.48641304347826,3224.60475680609,29798.685258172998,89670.9500540197,3.166667,3.5,35.620942852130796,82
Japan,25.6,17.55,5.76666666666667,1.13,0.56,425.05,38.14,0.0,0.0,6.3100000000000005,0.0,3.175,98.76,98.45,0.0,2.5,0.11,0.99,-13.006793478260901,15161.514381631101,190560.882432493,408392.27317695104,3.166667,3.5,49.9312396338155,84
Italy,19.6666666666667,21.17,4.05,2.56,4.4,736.07,38.14,0.1,0.0,5.72,0.0,4.02,96.21,95.04,0.0,2.5,1.13,0.56,-32.8411502909962,7608.79456647303,72574.5265149707,182277.86299613398,3.166667,3.5,432.06413714141297,86
Germany,18.5666666666667,19.875,3.81,1.99,0.2,496.91,38.14,0.77,0.0,6.1866666666666665,0.0,3.63,97.23,99.8,0.0,2.5,0.0,0.0,-21.4657928388747,12619.472415548898,83603.200359954,250892.527601444,3.166667,3.5,283.413812976922,91
France,20.3333333333333,22.05,3.8133333333333295,10.28,2.15,579.88,38.14,1.35,0.0,6.653333333333333,0.0,3.24,88.37,97.85,0.0,2.5,0.0,0.0,-32.4423418972332,7622.824664042941,68727.6440363425,180571.72424521606,3.166667,3.5,380.052114239171,91
Singapore,25.3333333333333,14.59,6.47,0.0,0.0,552.1,38.14,0.0,0.0,7.12,0.0,2.28,100.0,100.0,0.0,2.5,0.0,0.0,-34.3152173913044,176.45386936758499,1537.2821495055896,5293.84617003235,3.166667,3.5,963.495743870444,91
Spain,19.1666666666667,19.105,3.89666666666667,3.28,1.48,524.32,38.14,0.08,0.0,9.105,0.0,2.4175,96.62,98.44,0.0,2.5,0.02,0.07,-33.0261387163561,5829.58664869225,50899.845554403,116022.107929291,3.166667,3.5,905.14512244377,93
Belgium,18.5666666666667,17.48,3.47333333333333,2.39,0.48,569.27,38.14,0.51,0.0,11.09,0.0,2.5549999999999997,97.1,99.52,0.0,2.5,0.0,0.0,-34.0155279503106,1227.13805392538,10332.1914190467,30925.6899339386,3.166667,3.5,710.912345414052,95
USA,14.233333333333302,12.925,5.11333333333333,10.0,0.27,598.59,38.14,0.0,0.0,9.754999999999999,0.0,2.6925,89.97,99.0,0.0,2.5,0.03,0.73,-23.730319686631304,28971.4346636807,254246.444535313,678637.5964214121,3.166667,3.5,1797.6913063928,95
UK,17.4333333333333,15.16,3.4766666666666697,1.36,0.01,614.79,38.14,0.72,0.0,8.42,0.0,2.83,97.75,99.99,0.0,2.5,0.17,0.0,-39.1884871379745,7242.80970511948,63341.5398495803,177825.608536832,3.166667,3.5,482.47802934282095,96
Switzerland,20.5,17.995,4.0,0.35,4.54,581.68,38.14,0.1,0.0,8.93875,0.0,4.25,99.54,95.46,0.0,2.5,0.01,0.0,-24.4888655462185,851.2006285321761,7461.485819366129,17906.096149403602,3.166667,3.5,464.692027557431,96
Netherlands,18.6,18.69,3.5566666666666698,0.24,0.05,718.79,38.14,2.29,0.0,9.4575,0.0,4.495,97.47,99.95,0.0,2.5,0.0,0.0,-26.839882943143802,1745.03670863551,14333.7051906744,50813.104577518214,3.166667,3.5,394.05000420635804,97
Norway,17.3,19.625,4.35666666666667,21.74,1.66,597.52,38.14,1.95,0.0,9.97625,0.0,4.74,76.32,98.34,0.0,2.5,0.0,0.0,-33.6706461314135,458.5247764728901,4400.32397608046,11435.5212370608,3.166667,3.5,192.605737860164,97
Sweden,17.466666666666697,19.26,4.61666666666667,5.92,0.06,600.95,38.14,0.7,0.0,10.495000000000001,0.0,4.985,93.38,99.94,0.0,2.5,0.01,0.0,-27.2695142504968,1204.0791316929801,9485.20170334924,23938.7617479394,3.166667,3.5,859.552992083478,97
Austria,19.6333333333333,20.985,3.94,3.23,1.09,706.4,38.14,0.0,0.0,11.01375,0.0,5.23,96.75,98.91,0.0,2.5,0.03,0.0,-27.5846934655978,984.9892288241119,7344.14363724332,21565.792357913,3.166667,3.5,285.171018299934,99
Malaysia,28.8,23.03,4.84333333333333,10.94,3.37,317.05,38.14,0.0,0.36,11.5325,0.0,5.121904761904762,88.63,93.33,0.0,2.5,0.43,2.95,-26.3347186700767,839.396996465598,5635.669929268629,26126.7633070906,3.166667,3.5,28.6327523099785,100
Denmark,18.4,20.615,3.33666666666667,4.76,3.27,621.54,38.14,0.4,0.0,12.05125,0.0,5.013809523809524,94.84,96.73,0.0,2.5,0.0,0.0,-28.079072087802402,536.157511961269,4364.49351669515,17033.1705129779,3.166667,3.5,284.36665007286,101
Australia,12.6333333333333,15.17,3.35,24.35,99.97,523.27,38.14,0.0,0.0,12.57,0.0,4.905714285714286,75.64,97.855,0.0,2.5,0.01,0.03,-14.3831219317147,2241.74368703842,16580.2801551921,48506.0318674532,3.166667,3.5,98.66812129461158,101
Bahrain,42.2333333333333,20.765,4.31333333333333,4.0,1.02,596.0550000000001,38.14,0.0,0.0,12.046,0.0,4.797619047619048,96.0,98.98,0.0,2.5,0.0,0.0,-18.4673913043478,15.7555234789923,103.583787256242,517.687544257157,3.166667,3.5,2928.83725582056,101
Canada,12.066666666666698,13.185,4.25333333333333,16.97,0.58,668.84,38.14,0.0,0.0,11.522,0.0,4.68952380952381,82.32,98.86,0.0,2.5,0.71,0.56,-29.7534902273634,3788.089620944,24523.5052654827,84932.7877241012,3.166667,3.5,333.320261846749,102
Qatar,29.533333333333307,21.015,4.63,3.97,3.39,605.23,38.14,0.0,0.0,10.998000000000001,0.0,4.581428571428572,96.03,96.18,0.0,2.5,0.0,0.43,-20.584239130434803,14.6362893663651,87.7137937533648,614.3018436476401,3.166667,3.5,4184.69231303456,102
Slovenia,24.8,30.37,4.72333333333333,16.07,1.48,541.62,38.14,0.89,0.0,10.474,0.0,4.473333333333334,83.04,98.05,0.0,2.5,0.0,0.46,-30.6549415515409,203.181617190811,1475.63502324255,5886.28880016321,3.166667,3.5,129.197847792814,103
Czechia,26.0,27.795,4.72333333333333,4.67,2.0,377.53,38.14,0.86,0.0,9.95,0.0,4.365238095238095,94.46,97.88,0.0,2.5,0.01,0.12,-18.7141304347826,933.215922959108,7420.655126417059,28639.8865684765,3.166667,3.5,210.491961947893,103
Israel,18.233333333333302,16.685,3.84666666666667,6.33,0.62,802.97,38.14,0.0,0.0,9.426,0.0,4.257142857142857,93.67,99.38,0.0,2.5,0.0,0.0,-26.8945652173913,559.211338746832,4524.8032131072105,12726.8910347008,3.166667,3.5,1164.19627315416,103
Greece,18.4333333333333,19.075,3.7933333333333294,8.59,0.0,947.71,38.14,1.02,0.0,8.902000000000001,0.0,4.14904761904762,90.39,100.0,0.0,2.5,0.0,0.0,-20.7445652173913,1439.5747779003,11047.4887552983,30946.783831192402,3.166667,3.5,86.2886499844504,104
Iraq,30.4333333333333,25.045,3.99,53.05,37.7,440.34,38.14,1.12,1.4,8.378,0.02,4.0409523809523815,41.07,58.83,1.32,29.0,4.74,0.74,-23.2663043478261,453.22176137365096,3376.42858997851,13379.7706168605,3.166667,3.5,525.2324028298872,104
Finland,17.8333333333333,19.325,3.8066666666666698,0.24,0.37,504.16,38.14,0.55,0.0,7.854,0.0,3.9328571428571433,99.21,99.63,0.0,2.5,0.0,0.0,-28.893079977311398,663.5668788904931,8351.14249385781,12765.2681032599,3.166667,3.5,144.008083651356,104
Portugal,20.0,24.445,4.0333333333333306,14.9,4.6,759.76,38.14,0.33,0.0,7.33,0.0,3.824761904761905,84.71,95.31,0.0,2.5,0.06,0.09,-30.972590627763,1230.33700840098,10423.837437729399,28911.310770351,3.166667,3.5,548.584059135462,104
Brazil,30.4333333333333,23.325,3.76333333333333,39.02,98.19,396.49,38.14,0.25,0.25,6.806,1.13,3.716666666666667,49.28,90.84666666666666,0.01,2.5,10.33,1.55,-11.891990081863,8748.76962644298,70054.8528303276,235836.021204792,3.166667,3.5,1726.67563987445,104
Egypt,26.6666666666667,24.905,3.91,33.45,99.11,811.65,38.14,4.35,0.24,6.282,0.0,3.6085714285714285,60.74,86.38333333333334,0.02,4.5,1.46,0.64,-17.2778985507246,1803.08726608787,9460.89333567486,46758.4160479783,3.166667,3.5,95.12957878642841,105
Romania,26.9333333333333,29.95,4.59,7.77,18.08,699.61,38.14,0.25,0.0,5.758,0.0,3.5004761904761903,76.54,81.92,0.0,2.5,15.44,0.0,-24.8214431308602,2157.40646869502,14103.1306275217,51158.9728960305,3.166667,3.5,418.318858775782,105
Estonia,25.5666666666667,27.56,3.99,1.79,6.38,537.85,38.14,0.7,0.0,5.234,0.0,3.3923809523809525,97.36,93.33,0.0,2.9,0.15,0.29,-28.2044270833333,118.668283041325,1078.94604241408,3484.31404863846,3.166667,3.5,172.913747396683,105
Kuwait,26.1666666666667,22.92,4.47666666666667,0.0,0.0,909.98,38.14,0.0,0.0,4.71,0.0,3.2842857142857143,100.0,100.0,0.0,2.8,0.0,0.0,-39.2201086956522,42.353296132729504,299.292744263391,1152.0731989998899,3.166667,3.5,1905.9383790282998,105
Saudi Arabia,43.7333333333333,22.78,4.34333333333333,22.25,100.0,539.48,38.14,0.0,0.0,4.186,0.0,3.176190476190476,77.75,99.58,0.0,7.1,0.0,0.0,-26.039208074534198,465.034135841366,3308.02252782485,11451.1824630867,3.166667,3.5,887.737901007457,105
Poland,25.8666666666667,28.765,4.4533333333333305,5.54,0.57,459.99,38.14,1.04,0.0,3.661999999999999,0.0,3.068095238095238,93.25,99.16,0.0,2.5,0.16,0.28,-18.218972916545802,3500.40174607976,28199.0098602054,109405.484112251,3.166667,3.5,166.682707825903,105
Ireland,16.9333333333333,19.655,3.98666666666667,8.83,0.07,691.72,38.14,6.92,0.0,3.138,0.0,2.96,82.41,97.32,0.0,2.5,1.84,2.61,-34.867676767676805,335.925176524,2627.19402715729,9409.810226842092,3.166667,3.5,570.170774244237,105
Philippines,20.3,22.545,4.45666666666667,24.89,46.91,464.04,38.14,14.88,1.86,2.6140000000000008,5.09,1.8599999999999999,51.64,46.65,0.0,13.3,3.5,4.57,-36.2359949832776,2329.89704536697,15302.690477158501,77830.2980454592,3.166667,3.5,179.569034135922,105
India,51.0,25.665,3.96666666666667,59.54,92.67,397.44,32.6225,12.5,0.76,2.09,25.73,0.76,41.68,40.980000000000004,0.75,14.5,2.22,5.81,-22.7165099882491,38923.9746730773,171544.120958654,895371.42772908,3.166667,3.5,234.034723588139,105
Pakistan,51.866666666666696,30.48,4.80666666666667,59.87,56.15,152.59,27.105,10.18,0.6,2.2993333333333332,10.43,1.12,31.720000000000002,35.31,2.08,20.3,19.52,5.86,-22.0072463768116,3550.0855545689396,21729.6535578221,166264.543378637,3.166667,3.5,132.807190668385,106
Lebanon,32.5,20.57,4.01666666666667,76.71,44.9,818.01,47.615,1.5,7.4,2.5086666666666666,0.0,1.48,21.76,47.7,0.0,11.0,0.02,0.0,-23.564013206162898,204.007081438319,1778.53655593643,7440.542762702109,3.1927086562499998,3.53125,200.67028890686402,106
Thailand,34.5333333333333,22.285,4.69666666666667,98.75,99.93,423.77,68.125,1.19,0.07,2.718,0.0,1.84,40.32666666666667,64.68,0.0,7.8,0.06,0.0,-17.3097826086957,3472.1770611976194,29408.4029852593,98624.6502020709,3.2187503125,3.5625,4.8734757338215,106
Indonesia,33.0,23.69,4.58,73.13,89.34,270.48,88.635,12.24,1.41,2.9273333333333333,9.68,2.2,58.89333333333333,81.66,1.5,8.3,4.95,7.74,-17.5973602484472,6877.74327753078,46108.0001258116,193499.96306249895,3.24479196875,3.59375,57.621517472457896,106
Chile,18.9,20.95,4.2,22.54,1.19,371.61,67.08,0.0,0.0,3.1366666666666667,0.0,2.5600000000000005,77.46,98.64,0.0,2.7,0.0,0.17,-26.6956664747965,1219.60146069958,7963.57123462234,29059.852333602597,3.270833625,3.625,2094.89859005439,106
Luxembourg,18.4333333333333,21.83,4.14333333333333,0.96,0.16,844.57,45.525,2.37,0.0,3.346,0.0,2.92,96.64,99.72,0.0,2.5,0.03,0.11,-36.8967391304348,59.5044207370337,420.080188551097,1275.14969142958,3.2968752812499997,3.65625,1249.12148734384,108
Peru,20.8,13.685,3.7,31.58,40.78,505.09,23.97,10.86,1.01,3.5553333333333335,6.53,2.6866666666666665,42.76,50.35,2.64,9.7,8.27,5.22,-35.938441322147,1260.0640236272195,9677.36118248515,27664.2555747529,3.3229169375,3.6875,1838.3138415545002,108
Russia,23.533333333333307,27.445,3.90333333333333,29.18,21.06,507.36,22.7709375,0.0,0.63,3.764666666666667,0.0,2.453333333333333,61.31,76.03,1.32,2.5,9.52,2.28,-26.2928388746803,9669.31324630697,83112.7276424088,295536.093909088,3.34895859375,3.71875,662.026485595405,108
Mexico,16.2,19.78,3.34666666666667,40.78,56.45,447.41,21.571875,6.62,0.0,3.974,0.89,2.2199999999999998,50.41,42.87,0.0,3.6,1.31,0.68,-25.923748353096197,4418.9959447388,32185.1179956712,93993.74437937401,3.37500025,3.75,440.325758404456,109
Ecuador,21.2,17.9,3.68333333333333,45.98,18.93,344.22,20.3728125,9.07,0.11,4.183333333333334,2.1,1.9866666666666666,42.01,75.07,3.08,7.9,0.85,2.81,-41.1093711888385,664.024185831487,4753.36859478624,15556.517799934,3.4010419062499997,3.78125,616.589962867746,109
Turkey,32.0,20.17,3.13333333333333,32.1,98.88,1009.35,19.17375,0.58,0.0,4.392666666666667,0.32,1.7533333333333332,65.2,74.45666666666666,0.13,2.5,1.8,1.0,-20.8182097579716,3196.25467680286,24442.5705318384,91631.6624565062,3.4270835625,3.8125,309.195277485283,109
UAE,29.533333333333307,20.225,4.44,2.31,98.05,510.4,17.974687499999998,0.76,1.91,4.602,0.06,1.52,96.28,73.84333333333333,0.0,2.6,0.59,0.05,-22.8254076086957,66.0202661608762,257.676534844199,4663.00087320629,3.45312521875,3.84375,682.469542395901,109
Colombia,23.0666666666667,19.185,4.59666666666667,72.64,24.07,514.48,16.775624999999998,5.08,0.19,4.811333333333334,3.07,1.2866666666666666,16.99,73.23,1.67,4.8,2.22,0.84,-28.4165141016431,1722.7291919609802,14247.2472499354,44862.290700828606,3.4791668749999998,3.875,1102.98168917911,109
Slovakia,26.8333333333333,28.555,4.68666666666667,15.42,0.0,324.69,15.5765625,2.02,0.21,5.020666666666667,0.0,1.0533333333333332,82.52,99.79,0.0,3.4,0.05,0.0,-24.0835543766578,368.62067136847503,2957.71438433132,13339.3585552375,3.50520853125,3.90625,63.222841101147004,109
South Africa,26.533333333333307,26.71,3.1666666666666696,75.75,92.68,222.05,14.3775,14.86,2.79,5.23,1.45,0.82,53.625,87.26,2.7,6.2,7.95,1.83,-26.7179347826087,1203.39857874289,11530.6349515004,48561.8823071832,3.5312501875,3.9375,1031.66115626789,109
Serbia,27.6,29.47,4.46333333333333,72.84,10.79,593.92,13.1784375,0.0,13.7,5.723333333333334,0.08,0.82,24.73,74.73,0.02,5.7,2.36,0.76,-34.4208633093525,852.482770274027,6373.911045665601,27363.8464488694,3.55729184375,3.96875,352.960874481753,110
Panama,24.5666666666667,19.8,3.94666666666667,83.32,96.38,324.65,11.979375,5.78,1.92,6.216666666666667,4.42,0.82,41.614999999999995,82.345,0.6,10.0,6.49,1.1,-51.9483695652174,169.15740800317604,1239.06563792651,3436.5372848375,3.5833335,4.0,2043.5811052971105,110
Croatia,27.766666666666694,32.37,4.61,38.04,9.63,517.06,10.780312499999999,2.48,0.0,6.710000000000001,2.9466666666666663,0.82,58.5,89.96,0.4,2.5,0.98,0.41,-22.936122802673893,468.632440324573,3366.536192277181,13964.333201188401,3.60937515625,4.03125,207.98440677751202,110
Argentina,21.766666666666694,22.615,3.77666666666667,22.18,6.535,398.31,9.58125,2.33,0.34,7.203333333333334,1.4733333333333332,0.82,72.16,92.57499999999999,0.2,4.6,3.3249999999999997,0.5499999999999999,-19.797612504052,2880.8333649648603,18564.3932373763,72959.412062954,3.6354168125,4.0625,794.6327214932269,111
Latvia,25.2,29.685,3.93333333333333,6.32,3.44,441.19,8.3821875,2.18,0.68,7.696666666666667,0.0,0.82,85.82,95.19,0.0,2.5,5.67,0.69,-28.666187825462398,196.04667896510202,1705.07325268517,5675.2057880901,3.66145846875,4.09375,71.2745125635934,111
Bulgaria,26.9333333333333,28.3,4.55,21.59,2.16,377.53,7.183125,14.0,0.0,8.190000000000001,0.0,0.82,64.41,96.95,0.0,3.6,0.0,0.89,-19.054492663452105,825.4729657020099,5839.18939331462,18790.8430352744,3.6875001249999997,4.125,224.620375859095,111
Uruguay,24.0,20.755,4.17,96.6,99.4,358.9,5.9840625,2.34,0.6,8.683333333333334,0.4,0.82,74.83333333333333,95.375,0.0,2.5,0.67,0.0,-7.6875,335.177110276619,2327.48789834667,9461.14793756037,3.71354178125,4.15625,44.194075289325895,111
Costa Rica,18.0666666666667,18.675,3.86333333333333,97.82,5.9,501.48,4.785,0.51,0.3,9.176666666666668,0.2,0.82,85.25666666666667,93.8,0.0,4.8,1.46,0.0,-27.2336956521739,200.09566415313202,1390.7106657647198,5455.374725478,3.7395834375,4.1875,692.0999258597391,112
Hungary,26.3,30.04,4.82,2.31,10.43,376.0,8.12125,2.01,0.0,9.670000000000002,0.0,0.82,95.68,89.57,0.0,2.5,0.0,0.0,-20.9619565217391,912.420469331792,7192.503363478249,33354.3945084149,3.7656250937499998,4.21875,54.0049792280177,112
Dominican Republic,30.6333333333333,21.46,2.74,83.89,96.69,850.65,11.4575,11.1,0.34,10.163333333333334,2.87,0.82,67.215,79.91999999999999,1.3,9.5,2.13,1.67,-33.1991334175844,423.344861012896,2951.24542840228,9763.469774390749,3.79166675,4.25,848.80826553707,112
Morocco,38.0,26.025,3.82,49.75,16.51,595.64,14.793750000000001,3.74,4.19,10.656666666666666,7.26,0.82,38.75,70.27,2.93,3.4,0.49,6.1,-37.851902173913004,1218.8260347757,8979.01638958543,23877.315750503,3.81770840625,4.28125,147.468373053443,113
New Zealand,14.333333333333302,16.3,4.61333333333333,11.32,0.0,626.09,18.130000000000003,0.0,0.0,11.15,0.0,0.82,88.68,100.0,0.0,2.5,0.0,0.0,-13.619909502262402,367.937495959189,2900.73083285912,9637.484582305693,3.8437500625,4.3125,33.8857679774495,113
Lithuania,25.533333333333307,29.595,3.98,2.04,5.5,433.08,21.466250000000002,2.1,0.0,8.72,0.0,0.82,91.31,92.04,0.0,2.5,4.54,2.46,-21.4377470355731,280.168638860239,1955.1175388351105,8110.8553300963,3.86979171875,4.34375,99.1839962535399,113
Jordan,35.43333333333329,20.975,3.90666666666667,16.78,5.12,476.81,24.802500000000002,1.11,0.0,6.29,0.19,0.82,80.55,93.82,0.16,12.2,1.35,0.9,-24.932363350373606,147.929977356504,1202.81147913676,4233.3132515325615,3.895833375,4.375,16.79324887908,113
Bosnia and Herzegovina,29.533333333333307,30.775,4.38666666666667,73.81,7.3,840.68,28.13875,0.6,3.8,3.8599999999999994,0.0,0.82,21.55,88.84,0.0,2.5,4.04,0.06,-20.2119565217391,320.392903557234,1933.96600837809,8935.290838122959,3.92187503125,4.40625,559.129313069701,113
Vietnam,28.4,23.32,4.40333333333333,83.52,94.72,590.51,31.475,3.76,0.0,1.43,2.99,0.82,19.055,84.92500000000001,0.0,9.3,9.74,5.28,2.15523097826087,3647.64535436389,27416.4551262612,116632.003001659,3.9479166875000002,4.4375,1.05569982028173,113
North Macedonia,24.8333333333333,28.395,4.45,82.57,12.13,825.42,25.55875,0.17,6.26,1.29,0.68,0.9299999999999999,16.56,81.01,0.0,3.2,0.02,0.6,-27.4347826086957,136.05045212416098,810.302684993454,4293.27005578896,3.97395834375,4.46875,662.3432040822499,113
Moldova,27.1333333333333,29.925,3.55,76.31,16.18,397.75,19.6425,10.87,1.49,1.15,0.13,1.04,54.769999999999996,72.88,0.0,2.85,12.69,9.45,-25.4130434782609,173.795165189131,1315.84669974313,6459.68464860345,4.0,4.5,852.027700943683,114
Malta,19.233333333333302,19.305,4.0333333333333306,6.97,0.0,763.35,13.72625,0.0,0.0,1.01,0.0,1.15,92.98,100.0,0.0,2.5,0.04,0.0,-29.1195652173913,51.310970411959296,317.096168034742,1002.51085539766,3.5,4.0,385.987630284974,114
Sri Lanka,33.5,22.325,4.59333333333333,95.78,89.42,225.73,7.81,3.07,3.21,0.87,0.56,1.26,84.80666666666667,97.33666666666667,1.64,9.0,0.59,5.73,-29.3152173913043,717.564152080218,5786.11777513245,16384.295962213,3.0,3.5,13.8656757181076,115
Burkina Faso,51.9333333333333,32.275,2.74333333333333,19.4,47.89,63.74,1.495,27.47,27.76,0.73,46.67,1.37,76.63333333333333,94.67333333333333,1.29,20.0,6.46,23.07,-2.39334155363748,301.22538556945204,1776.70677232481,10785.5323290938,3.6666666666666696,4.0,6.37606852758279,115
Ukraine,23.9333333333333,27.31,3.69666666666667,27.76,1.78,617.23,1.7483333333333333,2.22,5.64,0.5900000000000001,0.0,1.48,68.46,92.01,0.33,3.5,1.55,0.24,-25.258152173913,3981.93255336096,35136.0772211959,101635.380770101,3.7222222222222228,4.0,248.133023011611,116
Kazakhstan,30.6,27.13,4.5,97.87,6.12,788.68,2.0016666666666665,2.03,1.73,0.45000000000000007,0.0,1.59,44.959999999999994,89.51,0.08,2.5,0.09,2.57,-27.0326086956522,608.366570000753,4328.1588791841605,18015.7739290254,3.7777777777777763,4.0,558.60284802127,117
Senegal,52.366666666666696,30.06,2.8,30.02,80.68,208.34,2.255,16.96,2.59,0.31,13.75,1.7000000000000002,21.46,62.96,0.28,11.3,17.81,16.45,-8.69569424286405,325.189915478928,1903.1365540092802,8708.11502127271,3.8333333333333295,4.0,77.68256071136659,117
Ghana,48.8,23.7,4.10333333333333,18.47,45.04,654.28,5.5,50.21,8.48,2.23,18.06,1.81,22.201428571428572,36.41,6.09,5.5,13.26,3.98,-13.913043478260901,445.7886056139249,2651.5752367187,17037.1760874986,3.3333333333333304,3.5,140.26594991366198,117
Oman,39.3333333333333,24.09,4.3,100.0,1.66,912.33,3.4625,0.0,8.06,4.15,0.0,1.92,22.942857142857143,90.28,0.0,6.8,0.0,0.0,-18.7339990921471,46.9470983118482,388.274667483959,1233.90558107474,3.166666666666665,3.5,1651.67866292308,117
Afghanistan,40.8666666666667,30.56,3.44666666666667,43.42,67.06,172.67,1.425,9.82,3.17,4.019473684210527,12.74,0.3,23.684285714285714,68.80333333333333,10.88,29.8,34.02,18.88,-20.341726618705,448.067500914218,2839.2426591408503,16272.5415191916,3.0,3.5,97.4777410461689,118
Mauritius,26.466666666666693,24.965,4.75,95.5,99.87,380.31,2.11,3.96,0.0,3.8889473684210527,0.13,0.3055,24.425714285714285,47.32666666666666,0.0,6.5,0.4,0.13,-29.523226135783602,58.2461641262906,440.846772700257,1365.89553289858,3.5833335,3.75,27.3564689401884,119
Cambodia,49.633333333333304,25.915,4.2566666666666695,59.23,52.67,174.28,2.795,6.47,0.44,3.7584210526315793,31.75,0.311,25.167142857142856,25.85,10.86,16.4,2.55,10.19,-13.0018736616702,387.8976983353051,2535.46756827838,12260.6209415433,4.166667,4.0,1.6295209506852002,120
Cameroon,43.7666666666667,24.755,2.84,39.08,60.38,600.81,3.145,18.67,16.15,3.6278947368421055,6.95,0.3165,25.908571428571427,22.990000000000002,7.33,9.9,35.3,16.13,-4.143737166324431,443.359336315676,2469.64308185651,14265.4228765347,3.6666666666666696,4.0,71.2183766459279,120
Nigeria,52.133333333333304,23.855,2.56,12.52,51.24,330.13,14.6,20.51,6.57,3.4973684210526317,19.8,0.322,26.65,20.13,7.46,13.4,20.52,14.6,-14.403913347309599,2885.8356094007,19951.0987689595,93553.9123545285,3.3333333333333304,3.0,25.522987648618997,120
Honduras,18.9,21.39,3.58666666666667,81.25,94.83,363.87,4.11,8.96,0.43,3.3668421052631583,6.01,0.3275,26.91,50.06,0.0,12.9,3.77,4.74,-36.602297726717204,321.274040317974,2325.99005301855,5253.1052430770205,3.666667,3.5,562.828670105867,120
Georgia,28.3333333333333,26.34,4.22333333333333,62.86,18.4,295.0,3.1083333333333334,1.08,0.0,3.2363157894736845,0.0,0.33299999999999996,27.17,79.99,0.03,7.9,8.9,1.58,-33.9172661870504,332.276072866628,2289.17864127543,8010.25343872475,3.666667,3.6666666666666665,35.832749076473,121
Belarus,23.1,27.305,3.88666666666667,17.28,1.96,609.72,2.106666666666667,1.64,3.33,3.1057894736842107,0.0,0.33849999999999997,80.52,94.52,0.0,2.5,0.57,0.19,-15.2228260869565,686.78838057314,6317.52459767825,18324.2672720772,3.666667,3.8333333333333335,748.5257449591701,121
Kyrgyzstan,37.3,26.575,3.94666666666667,96.51,19.23,494.09,1.105,3.36,1.81,2.975263157894737,0.0,0.344,56.879999999999995,68.22,8.86,7.1,0.13,1.87,-21.163722826087,118.721398911962,820.223300068118,3692.15891265628,3.666667,4.0,662.959062224391,122
Kenya,30.533333333333307,26.57,2.39,29.05,58.92,287.62,9.09,22.13,9.06,2.844736842105263,10.34,0.3495,33.239999999999995,67.354,20.1,29.4,38.47,11.92,-10.5260474090408,533.02892697965,3993.7092254416402,20674.9353688826,4.0,4.5,60.810721877752286,124
Niger,52.0,33.55,2.64333333333333,3.96,50.27,237.42,0.835,9.74,14.88,2.7142105263157896,67.85,0.355,9.6,66.488,3.78,16.5,8.85,31.07,-6.19507908611599,198.856449280603,1163.01219789271,7939.119683471321,3.8333333333333295,4.0,4.82176349196634,125
Rwanda,22.9333333333333,26.525,2.6933333333333302,66.57,57.71,1008.69,0.995,14.36,21.76,2.583684210526316,2.19,0.3605,25.89,65.622,6.44,36.8,16.88,14.08,-24.4894166236448,137.522375676053,1060.98257386675,6086.5329609908395,4.0,4.0,27.211326066311607,126
Trinidad and Tobago,24.5666666666667,25.79,2.8,93.4,98.18,409.37,5.851666666666667,5.9,1.12,2.453157894736842,0.07,0.366,42.18,64.756,0.0,5.5,0.62,0.7,-29.375,62.14990287458161,455.515841186501,1831.9326633270896,3.888889,3.8333333333333335,89.41675564300431,126
Paraguay,25.9333333333333,24.54,3.62666666666667,31.31,35.72,319.34,10.708333333333332,3.35,0.39,2.3226315789473686,0.66,0.3715,58.47,63.89,0.0,10.7,6.2,0.0,-11.4482029598309,201.619490032811,1511.81699648482,5501.87250182217,3.777778,3.6666666666666665,199.114480750354,127
Bangladesh,41.7333333333333,24.74,4.68333333333333,48.23,41.57,138.83,15.565,22.65,1.54,2.192105263157895,0.0,0.377,48.53,55.44,0.93,14.7,29.12,0.51,-24.6195652173913,3162.1177419985997,15996.9246962316,95092.29968495652,3.666667,3.5,181.662626647519,128
El Salvador,24.7,18.81,3.7066666666666697,87.43,97.39,317.97,2.835,10.87,0.22,2.061578947368421,1.01,0.38249999999999995,38.59,55.715,2.38,9.0,0.69,0.01,-38.0579710144928,297.333606286303,2426.8410934365697,5551.76678473194,3.777778,3.6666666666666665,384.920590293734,131
Guatemala,19.1,21.18,2.6933333333333302,65.06,38.2,320.02,4.525,11.67,1.06,1.9310526315789471,4.69,0.388,28.65,55.99,1.62,15.2,18.58,3.14,-28.7048676748582,333.19171311473,2027.3018649527694,10516.3482212226,3.888889,3.8333333333333335,387.722688237358,132
Mali,53.3333333333333,32.4,2.76,20.63,78.26,233.67,1.69,14.85,4.64,1.8005263157894733,7.2,0.39349999999999996,18.71,54.975,1.8,6.3,38.62,15.29,-5.9429347826087,268.982319808699,1577.51593686376,10031.3158946804,4.0,4.0,13.3426421992215,134
Jamaica,23.966666666666693,21.865,2.65,87.31,90.65,564.97,3.1375,11.65,5.39,1.67,0.52,0.39899999999999997,22.045,53.96,1.66,8.0,0.51,2.3,-26.1909529106415,149.349853609564,1242.14256086182,3937.41009723383,4.0,4.25,58.4513694393157,137
Tanzania,40.3666666666667,27.15,3.13333333333333,4.53,56.73,336.61,4.585,16.94,11.43,2.285,11.75,0.40449999999999997,25.38,52.945,14.23,30.7,41.39,17.61,-8.09134233518666,679.118095195737,5475.256287990829,26949.465401833597,4.0,4.5,0.84868607555587,139
Gabon,59.5333333333333,25.39,3.33666666666667,47.41,85.77,538.71,1.59,27.42,8.02,2.9,2.95,0.41,25.425625,51.93,3.29,10.5,22.22,2.92,-13.5087976539589,34.0698048460856,256.747140204512,1208.97529662066,3.666666666666665,4.25,376.5285136728341,139
Togo,52.6666666666667,28.72,2.71666666666667,16.13,65.13,102.22,0.565,26.5,5.78,2.23,47.69,0.30333333333333334,25.471249999999998,50.915,13.37,16.1,9.68,15.72,-7.02830188679245,99.75542814488459,552.50305182178,3494.4190463245,3.3333333333333304,4.0,15.758397877756698,151
Guinea-Bissau,45.8,30.205,2.7333333333333303,20.54,66.63,196.55,0.125,15.7,6.89,1.56,16.87,0.19666666666666668,25.516875,49.9,0.48,28.0,46.89,25.99,-16.097826086956502,23.3881680311939,135.498949405139,971.04842621148,2.6666666666666696,3.0,108.826712324258,151
Zambia,35.2666666666667,27.055,2.8066666666666698,26.37,59.96,98.59,2.455,17.69,7.5,0.89,19.3,0.09,25.5625,48.885,8.64,46.7,36.64,23.89,-6.41847826086957,192.381835933705,1315.62390024793,8496.39313433048,2.6666666666666696,3.0,61.1422499231861,152
Tajikistan,31.4333333333333,26.04,3.89333333333333,97.02,33.33,559.45,1.065,2.41,2.32,0.8175,0.07,0.105,25.608124999999998,47.87,14.17,48.0,0.5,2.31,-11.415760869565199,199.11093416391498,1269.8162215630698,4557.1778199728005,3.333333,4.0,87.56752282670759,155
Haiti,47.5333333333333,24.435,2.38333333333333,34.7,65.47,232.99,0.555,27.37,9.54,0.745,19.88,0.12,25.65375,27.47,0.0,49.3,18.05,24.99,-20.1912991656734,263.467711166581,1236.2773489351,9801.883554485921,3.0,3.5,71.0126427365499,156
Uganda,30.2,27.235,2.7066666666666697,18.47,42.04,397.02,2.395,17.69,31.72,0.6725,5.62,0.135,25.699375,7.07,6.72,41.0,58.21,12.46,-11.2510387811634,303.013816544187,2343.3581756942103,20153.6009191639,4.33333333333333,4.0,5.28043277086204,158
Benin,49.4666666666667,27.6,2.91,16.45,66.41,292.95,1.01,19.54,10.0,0.6,53.83,0.15,25.744999999999997,17.155,3.78,10.1,10.18,19.8,-4.34171907756813,178.70864020828603,1124.50097315336,5280.89846022658,4.16666666666667,4.0,17.3809197440345,159
Nepal,36.6666666666667,29.58,4.6,62.05,61.57,480.19,4.22,13.69,2.66,0.6,21.49,0.15,25.790625,27.24,1.96,8.7,2.77,6.57,-34.1467391304348,698.109899656948,4022.6040610607897,17797.8716605746,3.333333,3.0,114.785084244304,159
Mozambique,50.9333333333333,28.86,2.62333333333333,29.36,55.69,122.27,1.805,4.7,14.97,0.6,27.41,0.15,25.83625,26.066666666666666,13.18,27.9,38.54,16.15,2.95215437483479,312.419424131409,2206.50673753508,15412.088946813701,2.8333333333333304,3.5,11.179238891412101,163
Yemen,67.6,30.55,3.61,59.05,63.47,229.55,0.715,5.5,28.57,0.6,19.57,0.15,25.881875,24.89333333333333,4.19,38.9,15.88,3.76,-6.72826086956522,403.92107308717596,2558.6185198225603,11515.5060450115,1.833333,2.0,6.4302498202187,167
Mongolia,22.9,28.97,4.27333333333333,58.48,59.59,231.28,0.86,28.0,2.11,0.6,10.32,0.15,25.9275,23.72,6.75,13.4,3.2,7.83,-8.39425587467363,44.1962685193751,275.900749074707,4626.73628036353,3.166667,3.5,9.12939919119609,168
Nicaragua,19.3,20.755,3.59,74.43,29.92,146.22,1.005,5.67,1.53,0.6,6.5,0.15,25.973125,51.6,3.3,17.0,13.39,13.64,-11.010958046336901,138.189947906615,1131.73811685176,3223.65336805098,4.0,4.0,67.71791675337339,171
Bahamas,24.533333333333307,21.03,2.8333333333333304,94.93,98.89,1112.66,1.15,3.32,0.0,0.6,0.22,0.15,26.01875,51.6,0.0,34.15,1.53,1.11,-38.422351233671996,15.499832173828402,89.6062289927235,516.3256524057331,3.25,3.25,456.564189420814,175
Zimbabwe,30.4,28.035,3.16,36.22,64.05,85.91,1.295,27.96,13.2,0.6,24.93,0.15,26.064375,51.6,7.1,51.3,10.89,15.65,-17.7210969149268,178.69040853417096,1223.7347659913198,11228.7954853079,2.5,2.5,41.597739918791795,179
Libya,34.2666666666667,23.685,3.92,73.89,98.53,259.39,1.5816666666666666,0.0,0.0,0.6,0.0,0.15,26.11,51.6,0.0,38.15,0.0,1.47,-11.5087818696884,207.589401506545,1474.1001756532196,5432.93958084714,2.5833333333333335,2.5833333333333335,163.844092346429,180
Angola,48.5666666666667,29.59,3.16333333333333,49.88,55.84,432.87,1.8683333333333332,20.2,9.98,0.6,19.92,0.15,26.11,51.6,15.39,25.0,10.0,18.8,-11.1389195148842,229.18314671002602,1567.1600531927695,11620.4600491477,2.6666666666666665,2.6666666666666665,6.91616502254509,193
Namibia,24.4333333333333,28.29,3.39333333333333,34.5,82.54,293.8,2.155,12.43,7.13,0.6,48.71,0.15,26.11,51.6,6.34,27.3,4.35,3.99,-13.2349228611501,43.550559095424994,394.641747167652,1512.5953871336499,2.75,2.75,241.790885425662,208
Botswana,31.4,29.37,3.4833333333333303,77.27,90.34,287.4,2.865,5.56,6.58,0.6,11.03,0.15,26.11,51.6,1.5,26.4,6.13,1.58,-15.654393305439301,34.9018523854242,318.11464042103296,1458.1770666710904,2.8333333333333335,2.8333333333333335,66.2272714745744,212
Barbados,22.9,24.32,2.76333333333333,97.28,98.49,458.43,2.2975000000000003,1.89,0.27,0.6,0.83,0.15,26.11,51.6,0.0,3.9,0.0,1.24,-37.6407904022583,24.2238590010048,166.27723564947598,660.849061285557,2.9166666666666665,2.9166666666666665,57.0575689996486,224
Papua New Guinea,39.1333333333333,25.47,3.29666666666667,12.95,41.33,522.7,1.73,2.26,1.71,0.6,14.47,0.15,26.11,51.6,51.45,5.7,70.32,5.51,11.8804347826087,117.316027100397,482.382063061471,5988.37544553974,3.0,3.0,4.6701784030442,246
Belize,21.5666666666667,22.695,2.65,87.86,97.99,586.97,1.73,9.03,1.24,0.6,0.78,0.15,26.11,51.6,0.0,7.5,2.33,0.76,-31.1464354527938,10.579920398529199,61.8783539864192,264.840293643688,3.0,3.0,183.10102912811297,250
